date,time_et,session,direction,open,high,low,close,volume,trade_count,wick_len,body_len,wick_pct,extreme,prints_at_extreme,prints_at_extreme_size,max_extreme_lag_ms,all_dark,repeat_level,verdict
2024-12-11,16:10,post,down,607.46,607.46,602.8,607.11,1079219,269,4.31,0.35,0.71,602.8,1,2500,1,True,False,PBAR
2024-12-19,08:05,pre,down,591.26,591.27,586.33,590.89,199377,110,4.56,0.37,0.772,586.33,12,169831,3855860,True,True,GHOST
2024-12-19,08:15,pre,down,591.39,591.5,586.28,591.3,37857,74,5.02,0.09,0.849,586.28,9,598,4912,True,True,GHOST
2024-12-20,08:00,pre,up,579.36,583.82,577.7493,579.8,131308,362,4.02,0.44,0.693,583.82,149,478,21571231,True,False,not_pbar
2024-12-20,11:10,rth,down,590.46,591.065,581.5183,591.05,1510038,3316,8.9417,0.59,1.513,581.5183,26,7754500,326,True,True,not_pbar
2024-12-30,08:00,pre,up,589.41,593.95,588.81,589.5501,82821,257,4.3999,0.1401,0.746,593.95,88,1225,28674869,True,False,not_pbar
2025-01-02,08:45,pre,down,591.16,591.16,586.08,590.83,6810,26,4.75,0.33,0.804,586.08,3,810,525,True,True,PBAR
2025-01-02,12:45,rth,up,582.2735,587.4,581.31,581.32,476819,2671,5.1265,0.9535,0.882,587.4,1,12000,0,True,True,GHOST
2025-01-06,08:00,pre,down,596.23,596.88,591.89,596.57,74385,217,4.34,0.34,0.727,591.89,16,1319,28761678,True,False,GHOST
2025-01-07,13:40,rth,up,591.44,595.2308,590.73,590.955,778729,882,3.7908,0.485,0.641,595.2308,2,752632,2,True,True,GHOST
2025-01-10,10:05,rth,up,580.16,584.028,579.43,579.74,1245410,6734,3.868,0.42,0.667,584.028,2,140821,47,True,True,GHOST
2025-01-14,13:50,rth,down,583.335,583.63,580.356,583.6,441260,1870,2.979,0.265,0.51,580.356,1,5575,2,True,True,PBAR
2025-01-27,08:00,pre,up,593.69,602.3,592.2104,595.15,194452,755,7.15,1.46,1.201,602.3,70,1701,28837292,True,False,not_pbar
2025-01-27,08:25,pre,down,595.9,596.34,590.5251,596.21,58547,239,5.3749,0.31,0.902,590.5251,1,5000,2,True,True,PBAR
2025-02-03,04:00,pre,down,593.91,594.6,590.36,593.56,85725,184,3.2,0.35,0.539,590.36,13,286,23,True,False,PBAR
2025-02-03,08:00,pre,up,592.9,601.82,589.5,589.5,276288,529,8.92,3.4,1.513,601.82,66,188,3192058,True,False,not_pbar
2025-02-03,08:30,pre,down,592.98,593.32,589.5,592.81,93494,65,3.31,0.17,0.558,589.5,1,25000,1904981,True,True,GHOST
2025-02-03,10:45,rth,down,598.18,598.22,592.44,597.465,610738,3205,5.025,0.715,0.841,592.44,1,100,5,True,True,PBAR
2025-02-03,14:05,rth,down,598.8,599.16,592.66,599.06,168220,1020,6.14,0.26,1.025,592.66,30,1155,16798262,True,True,not_pbar
2025-02-03,14:10,rth,down,599.06,599.72,592.66,599.639,329278,1555,6.4,0.579,1.067,592.66,258,5293,17095828,True,True,not_pbar
2025-02-03,14:15,rth,down,599.64,600.0,592.66,599.88,359818,1765,6.98,0.24,1.164,592.66,209,4888,17391469,True,True,not_pbar
2025-02-03,17:00,post,down,600.82,600.85,597.77,600.7991,128921,80,3.0291,0.0209,0.504,597.77,3,210197,1266,True,True,GHOST
2025-02-07,16:05,post,up,600.88,606.4184,600.87,601.0,253384,402,5.4184,0.12,0.902,606.4184,1,61500,2,True,False,PBAR
2025-02-12,08:45,pre,up,599.15,603.7,599.0,599.5201,304821,486,4.1799,0.3701,0.697,603.7,5,165737,15,True,True,GHOST
2025-02-24,08:15,pre,down,603.1,603.15,599.94,603.11,10866,31,3.16,0.01,0.524,599.94,4,1812,1803,True,False,GHOST
2025-02-26,16:20,post,up,594.84,600.0,592.23,595.26,644597,1882,4.74,0.42,0.796,600.0,105,36235,1,True,False,not_pbar
2025-02-27,08:00,pre,down,598.5,598.63,594.79,597.95,76828,210,3.16,0.55,0.528,594.79,59,203,28755333,True,False,not_pbar
2025-03-03,13:50,rth,up,588.73,594.2194,588.41,588.79,506434,2274,5.4294,0.06,0.922,594.2194,2,195847,5,True,True,GHOST
2025-03-03,15:30,rth,up,581.19,589.0699,581.19,581.41,1061827,6205,7.6599,0.22,1.317,589.0699,3,127659,6362618,True,True,GHOST
2025-03-03,16:10,post,up,583.77,587.9613,583.77,584.69,3010983,495,3.2713,0.92,0.559,587.9613,3,254418,15,True,False,PBAR
2025-03-04,08:00,pre,up,582.47,586.0,579.5,579.53,158782,382,3.53,2.94,0.609,586.0,7,186,28441861,True,False,GHOST
2025-03-04,13:55,rth,down,579.66,580.83,574.1723,580.285,351646,1971,5.4877,0.625,0.946,574.1723,1,1954,2,True,True,PBAR
2025-03-04,17:00,post,down,580.31,580.4,576.86,580.27,764688,52,3.41,0.04,0.588,576.86,3,749172,1109,True,True,GHOST
2025-03-05,08:00,pre,up,578.15,581.94,577.4,579.04,306837,697,2.9,0.89,0.501,581.94,73,332,11701706,True,True,not_pbar
2025-03-05,13:25,rth,down,579.648,579.7499,575.07,579.23,199914,1127,4.16,0.418,0.718,575.07,2,200,5312982,True,True,GHOST
2025-03-06,08:00,pre,up,577.8,583.05,575.88,575.9498,140347,464,5.25,1.8502,0.912,583.05,152,1545,28804379,True,False,not_pbar
2025-03-06,08:10,pre,up,576.12,583.06,575.7,575.95,66248,224,6.94,0.17,1.205,583.06,4,160,547,True,True,GHOST
2025-03-07,08:30,pre,up,572.12,578.22,571.63,574.37,951685,3248,3.85,2.25,0.67,578.22,3,203,0,True,False,PBAR
2025-03-07,13:35,rth,down,572.93,574.67,567.6818,574.54,627226,3274,5.2482,1.61,0.913,567.6818,1,55000,0,True,True,GHOST
2025-03-07,13:50,rth,down,574.48,575.3,568.1599,575.16,427979,2021,6.3201,0.68,1.099,568.1599,1,3038,2,True,True,PBAR
2025-03-10,08:00,pre,up,569.13,574.12,568.69,568.84,80338,236,4.99,0.29,0.877,574.12,109,502,27365412,True,False,not_pbar
2025-03-10,16:25,post,up,561.13,564.85,561.02,561.36,211798,502,3.49,0.23,0.622,564.85,5,126181,19420128,True,False,GHOST
2025-03-12,08:00,pre,down,560.43,561.2483,555.92,560.32,157740,258,4.4,0.11,0.785,555.92,454,595,3233947,True,False,not_pbar
2025-03-12,08:10,pre,down,560.3,560.54,555.92,560.5001,40607,119,4.38,0.2001,0.781,555.92,2,152,1264,True,True,PBAR
2025-03-12,08:30,pre,up,561.15,567.0,561.15,562.61,1060255,3242,4.39,1.46,0.78,567.0,2,1499,0,True,False,PBAR
2025-03-13,12:05,rth,up,553.275,556.8,552.52,553.82,583285,3062,2.98,0.545,0.538,556.8,1,100000,0,True,True,GHOST
2025-03-13,16:00,post,up,551.52,559.1292,551.39,552.63,8012816,1933,6.4992,1.11,1.176,559.1292,4,469044,4,True,False,PBAR
2025-03-14,13:40,rth,down,561.42,561.53,551.4917,560.8,288587,1004,9.3083,0.62,1.66,551.4917,1,92500,2,True,False,PBAR
2025-03-19,16:05,post,up,566.86,586.8595,566.8495,567.53,4483772,594,19.3295,0.67,3.406,586.8595,4,600000,45534,True,False,GHOST
2025-03-20,08:00,pre,up,564.14,569.84,563.7625,565.16,89223,266,4.68,1.02,0.828,569.84,13,493,27201218,True,True,GHOST
2025-03-20,13:45,rth,up,565.87,569.3567,565.7231,565.8691,329947,1955,3.4867,0.0009,0.616,569.3567,1,4568,2,True,True,PBAR
2025-03-24,08:00,pre,down,570.74,571.2,563.98,571.01,150939,292,6.76,0.27,1.184,563.98,182,1869,3301736,True,False,not_pbar
2025-04-02,08:00,pre,up,557.53,560.83,556.61,556.85,90369,236,3.3,0.68,0.593,560.83,58,613,20498742,True,False,not_pbar
2025-04-02,17:10,post,up,550.96,564.52,548.99,549.5,1022877,1367,13.56,1.46,2.468,564.52,1,454480,781,True,True,GHOST
2025-04-03,08:00,pre,up,545.35,550.09,544.62,546.12,303736,851,3.97,0.77,0.727,550.09,521,996,28177623,True,False,not_pbar
2025-04-08,08:00,pre,down,518.0,518.66,504.38,517.2,338992,1419,12.82,0.8,2.479,504.38,272,3616,3377657,True,False,not_pbar
2025-04-08,14:30,rth,up,502.44,507.82,502.44,503.58,2451950,13608,4.24,1.14,0.842,507.82,17,1662,2,True,True,PBAR
2025-04-08,16:00,post,down,496.75,497.49,486.2007,496.92,7959409,3481,10.5493,0.17,2.123,486.2007,1,102838,29,True,False,PBAR
2025-04-08,16:15,post,down,496.25,496.75,491.22,495.9,301980,706,4.68,0.35,0.944,491.22,1,200,1575778,True,True,GHOST
2025-04-14,13:00,rth,up,535.6,539.23,535.29,536.44,1230639,7957,2.79,0.84,0.52,539.23,1,100,0,True,True,PBAR
2025-04-14,14:45,rth,down,541.19,541.3,537.09,540.91,471925,2468,3.82,0.28,0.706,537.09,4,670,6516386,True,True,GHOST
