date,ticker,close,volume,short_interest,avg_daily_volume,days_to_cover,short_volume_ratio,momentum_20d,call_volume,put_volume,put_call_volume_ratio,call_open_interest,put_open_interest,put_call_open_interest_ratio,analyst_score,short_interest_score,short_volume_score,put_call_volume_score,put_call_open_interest_score,price_activity_score,optix
2024-05-08,AMD,153.62,28727963.0,,,,50.07,,,,,,,,50.0,50.0,0.0,50.0,50.0,50.0,41.666666666666664
2024-05-09,AMD,152.39,33017962.0,,,,49.14,,,,,,,,50.0,50.0,50.0,50.0,50.0,50.0,50.0
2024-05-10,AMD,151.92,37652770.0,,,,46.72,,,,,,,,50.0,50.0,66.66666666666666,50.0,50.0,50.0,52.77777777777777
2024-05-13,AMD,150.56,27854983.0,,,,45.64,,,,,,,,50.0,50.0,75.0,50.0,50.0,50.0,54.166666666666664
2024-05-14,AMD,153.16,31930477.0,,,,46.51,,,,,,,,50.0,50.0,60.0,50.0,50.0,50.0,51.666666666666664
2024-05-15,AMD,159.67,43195901.0,34802025.0,42761091.0,1.0,43.86,,,,,,,,50.0,0.0,83.33333333333333,50.0,50.0,50.0,47.22222222222222
2024-05-16,AMD,162.62,76697796.0,34802025.0,42761091.0,1.0,61.95,,,,,,,,50.0,0.0,0.0,50.0,50.0,50.0,33.333333333333336
2024-05-17,AMD,164.47,65924362.0,34802025.0,42761091.0,1.0,56.39,,,,,,,,50.0,0.0,12.5,50.0,50.0,50.0,35.416666666666664
2024-05-20,AMD,166.33,45568244.0,34802025.0,42761091.0,1.0,49.05,,,,,,,,50.0,0.0,44.44444444444444,50.0,50.0,50.0,40.74074074074074
2024-05-21,AMD,164.66,30005478.0,34802025.0,42761091.0,1.0,49.4,,,,,,,,50.0,0.0,30.0,50.0,50.0,50.0,38.333333333333336
2024-05-22,AMD,165.52,47422719.0,34802025.0,42761091.0,1.0,46.02,,,,,,,,50.0,0.0,72.72727272727272,50.0,50.0,50.0,45.45454545454546
2024-05-23,AMD,160.43,91888841.0,34802025.0,42761091.0,1.0,48.14,,,,,,,,50.0,0.0,50.0,50.0,50.0,50.0,41.666666666666664
2024-05-24,AMD,166.36,54268646.0,34802025.0,42761091.0,1.0,46.39,,,,,,,,50.0,0.0,69.23076923076923,50.0,50.0,50.0,44.87179487179487
2024-05-28,AMD,171.61,66495414.0,34802025.0,42761091.0,1.0,48.5,,,,,,,,50.0,0.0,42.857142857142854,50.0,50.0,50.0,40.476190476190474
2024-05-29,AMD,165.14,56537503.0,34802025.0,42761091.0,1.0,48.91,,,,,,,,50.0,0.0,40.0,50.0,50.0,50.0,40.0
2024-05-30,AMD,166.75,46408034.0,34802025.0,42761091.0,1.0,50.47,,,,,,,,50.0,0.0,12.5,50.0,50.0,50.0,35.416666666666664
2024-05-31,AMD,166.9,64281946.0,38854704.0,58482211.0,1.0,51.07,,,,,,,,50.0,0.0,11.764705882352942,50.0,50.0,50.0,35.29411764705882
2024-06-03,AMD,163.55,59157590.0,38854704.0,58482211.0,1.0,47.19,,,,,,,,50.0,0.0,61.111111111111114,50.0,50.0,50.0,43.51851851851851
2024-06-04,AMD,159.99,48064009.0,38854704.0,58482211.0,1.0,47.11,,,,,,,,50.0,0.0,63.1578947368421,50.0,50.0,50.0,43.859649122807014
2024-06-05,AMD,166.17,60495494.0,38854704.0,58482211.0,1.0,41.01,,,,,,,,50.0,0.0,95.0,50.0,50.0,50.0,49.166666666666664
2024-06-06,AMD,166.78,47153676.0,38854704.0,58482211.0,1.0,46.23,0.08566592891550573,,,,,,,50.0,0.0,76.19047619047619,50.0,50.0,100.0,54.36507936507937
2024-06-07,AMD,167.87,44795998.0,38854704.0,58482211.0,1.0,51.57,0.10158146860030204,,,,,,,50.0,0.0,9.090909090909093,50.0,50.0,100.0,43.18181818181819
2024-06-10,AMD,160.34,67566107.0,38854704.0,58482211.0,1.0,48.16,0.055423907319642085,,,,,,,50.0,0.0,47.82608695652174,50.0,50.0,33.333333333333336,38.52657004830918
2024-06-11,AMD,158.96,40493708.0,38854704.0,58482211.0,1.0,44.48,0.055791710945802375,,,,,,,50.0,0.0,87.5,50.0,50.0,50.0,47.916666666666664
2024-06-12,AMD,160.24,48325813.0,38854704.0,58482211.0,1.0,44.37,0.04622616871245766,,,,,,,50.0,0.0,88.0,50.0,50.0,20.0,43.0
2024-06-13,AMD,159.9,44442511.0,38854704.0,58482211.0,1.0,45.95,0.0014404709713786712,,,,,,,50.0,0.0,76.92307692307692,50.0,50.0,16.666666666666668,40.598290598290596
2024-06-14,AMD,159.63,34042523.0,41761386.0,49195332.0,1.0,44.32,-0.01838642233427623,,,,,,,50.0,0.0,88.88888888888889,50.0,50.0,14.285714285714286,42.195767195767196
2024-06-17,AMD,158.4,44484642.0,41761386.0,49195332.0,1.0,46.1,-0.03690642670395816,,,,,,,50.0,0.0,67.85714285714286,50.0,50.0,12.5,38.392857142857146
2024-06-18,AMD,154.63,51588083.0,41761386.0,49195332.0,1.0,39.97,-0.07034209102386835,,,,,,,50.0,0.0,96.55172413793103,50.0,50.0,11.11111111111111,42.94380587484036
2024-06-20,AMD,161.78,93229732.0,41761386.0,49195332.0,1.0,40.95,-0.01749058666342762,,,,,,,50.0,0.0,93.33333333333333,50.0,50.0,40.0,47.22222222222222
2024-06-21,AMD,161.23,61334699.0,41761386.0,49195332.0,1.0,50.44,-0.025918318028033016,,,,,,,50.0,0.0,16.129032258064512,50.0,50.0,27.272727272727273,32.2336265884653
2024-06-24,AMD,160.25,45950804.0,41761386.0,49195332.0,1.0,61.98,-0.0011219846662096078,,,,,,,50.0,0.0,0.0,50.0,50.0,50.0,33.333333333333336
2024-06-25,AMD,160.25,40968377.0,41761386.0,49195332.0,1.0,62.5,-0.03672757874489063,,,,,,,50.0,0.0,0.0,50.0,50.0,23.076923076923077,28.846153846153843
2024-06-26,AMD,157.54,36973440.0,41761386.0,49195332.0,1.0,57.54,-0.08198822912417703,,,,,,,50.0,0.0,8.82352941176471,50.0,50.0,7.142857142857143,27.661064425770306
2024-06-27,AMD,159.47,34018216.0,41761386.0,49195332.0,1.0,55.16,-0.03433450405716354,,,,,,,50.0,0.0,14.285714285714292,50.0,50.0,33.333333333333336,32.93650793650794
2024-06-28,AMD,162.21,56204617.0,41616896.0,51334018.0,1.0,48.99,-0.027226386806596614,,,,,,,50.0,0.0,38.888888888888886,50.0,50.0,37.5,37.73148148148148
2024-07-01,AMD,157.69,50431591.0,41616896.0,51334018.0,1.0,59.87,-0.05518274415817859,,,,,,,50.0,0.0,8.108108108108112,50.0,50.0,17.647058823529413,29.29252782193959
2024-07-02,AMD,164.31,57836660.0,41616896.0,51334018.0,1.0,60.18,0.004646896973402592,,,,,,,50.0,0.0,7.89473684210526,50.0,50.0,72.22222222222223,38.35282651072125
2024-07-03,AMD,163.9,26980906.0,41616896.0,51334018.0,1.0,57.33,0.024439027439215,,,,,,,50.0,0.0,15.384615384615387,50.0,50.0,73.6842105263158,39.844804318488535
2024-07-05,AMD,171.9,61857052.0,41616896.0,51334018.0,1.0,48.05,0.034482758620689724,,,,,,,50.0,0.0,55.0,50.0,50.0,75.0,46.666666666666664
2024-07-08,AMD,178.69,60223422.0,41616896.0,51334018.0,1.0,45.22,0.07141144022065005,,,,,,,50.0,0.0,80.48780487804878,50.0,50.0,90.47619047619048,53.493999225706546
2024-07-09,AMD,177.1,43447609.0,41616896.0,51334018.0,1.0,47.99,0.054983022576994056,,,,,,,50.0,0.0,54.76190476190476,50.0,50.0,77.27272727272727,47.005772005772
2024-07-10,AMD,183.96,90246965.0,41616896.0,51334018.0,1.0,48.1,0.14731196208057873,,,,,,,50.0,0.0,51.16279069767442,50.0,50.0,100.0,50.193798449612395
2024-07-11,AMD,181.94,59158012.0,41616896.0,51334018.0,1.0,51.5,0.14456467035732246,,,,,,,50.0,0.0,22.727272727272734,50.0,50.0,95.83333333333333,44.76010101010101
2024-07-12,AMD,181.61,50821968.0,41616896.0,51334018.0,1.0,46.67,0.13336245631552668,,,,,,,50.0,0.0,64.44444444444444,50.0,50.0,92.0,51.074074074074076
2024-07-15,AMD,179.83,42202726.0,46204114.0,54071256.0,1.0,62.37,0.12464040025015644,,,,,,,50.0,0.0,2.173913043478265,50.0,50.0,88.46153846153847,40.10590858416945
2024-07-16,AMD,177.55,40633058.0,46204114.0,54071256.0,1.0,61.71,0.11225960032575344,,,,,,,50.0,0.0,8.510638297872347,50.0,50.0,85.18518518518519,40.61597058050959
2024-07-17,AMD,159.43,76954198.0,46204114.0,54071256.0,1.0,58.42,0.00650252525252526,,,,,,,50.0,0.0,14.583333333333329,50.0,50.0,50.0,35.763888888888886
2024-07-18,AMD,155.77,69415085.0,46204114.0,54071256.0,1.0,57.9,0.007372437431287793,,,,,,,50.0,0.0,16.326530612244895,50.0,50.0,51.724137931034484,36.34177809054656
2024-07-19,AMD,151.58,47513063.0,46204114.0,54071256.0,1.0,48.77,-0.06304858449746564,,,,,,,50.0,0.0,48.0,50.0,50.0,10.0,34.666666666666664
2024-07-22,AMD,155.87,43912459.0,46204114.0,54071256.0,1.0,46.38,-0.03324443341809824,,,,,,,50.0,0.0,72.54901960784314,50.0,50.0,25.806451612903224,41.39257853679106
2024-07-23,AMD,154.0,31950579.0,46204114.0,54071256.0,1.0,44.49,-0.03900156006240252,,,,,,,50.0,0.0,84.61538461538461,50.0,50.0,15.625,41.70673076923077
2024-07-24,AMD,144.63,49062284.0,46204114.0,54071256.0,1.0,46.49,-0.0974726989079564,,,,,,,50.0,0.0,67.9245283018868,50.0,50.0,3.0303030303030303,36.82580522203164
2024-07-25,AMD,138.32,60578529.0,46204114.0,54071256.0,1.0,36.62,-0.12200076171131147,,,,,,,50.0,0.0,98.14814814814815,50.0,50.0,2.9411764705882355,41.8482207697894
2024-07-26,AMD,139.99,49399465.0,46204114.0,54071256.0,1.0,46.1,-0.12215463723584363,,,,,,,50.0,0.0,72.72727272727272,50.0,50.0,2.857142857142857,37.5974025974026
2024-07-29,AMD,139.75,47447194.0,46204114.0,54071256.0,1.0,46.67,-0.13846248689969798,,,,,,,50.0,0.0,60.714285714285715,50.0,50.0,2.7777777777777777,35.58201058201058
2024-07-30,AMD,138.44,68791584.0,46204114.0,54071256.0,1.0,47.37,-0.12207495719449557,,,,,,,50.0,0.0,54.3859649122807,50.0,50.0,8.108108108108109,35.415678836731466
2024-07-31,AMD,144.48,114273608.0,43316162.0,57958258.0,1.0,49.95,-0.12068650721197749,,,,,,,50.0,0.0,32.758620689655174,50.0,50.0,13.157894736842104,32.65275257108288
2024-08-01,AMD,132.54,94731931.0,43316162.0,57958258.0,1.0,55.24,-0.19133618059792568,,,,,,,50.0,0.0,20.33898305084746,50.0,50.0,2.5641025641025643,28.817180935825004
2024-08-02,AMD,132.5,78561997.0,43316162.0,57958258.0,1.0,54.54,-0.22920302501454337,,,,,,,50.0,0.0,23.33333333333333,50.0,50.0,2.5,29.305555555555554
2024-08-05,AMD,134.82,76089351.0,43316162.0,57958258.0,1.0,48.49,-0.2455089820359282,,,,,,,50.0,0.0,47.540983606557376,50.0,50.0,2.4390243902439024,33.330001332800215
2024-08-06,AMD,130.18,64400613.0,43316162.0,57958258.0,1.0,51.16,-0.2649350649350649,,,,,,,50.0,0.0,27.41935483870968,50.0,50.0,2.380952380952381,29.96671786994368
2024-08-07,AMD,128.67,54676492.0,43316162.0,57958258.0,1.0,60.27,-0.3005544683626876,,,,,,,50.0,0.0,7.936507936507937,50.0,50.0,2.3255813953488373,26.710348221976133
2024-08-08,AMD,136.32,49033754.0,43316162.0,57958258.0,1.0,61.81,-0.2507420028580851,,,,,,,50.0,0.0,6.25,50.0,50.0,6.818181818181818,27.1780303030303
2024-08-09,AMD,134.27,40568592.0,43316162.0,57958258.0,1.0,63.51,-0.2606684653928748,,,,,,,50.0,0.0,0.0,50.0,50.0,6.666666666666667,26.11111111111111
2024-08-12,AMD,136.77,39717468.0,43316162.0,57958258.0,1.0,54.74,-0.2394483679030195,,,,,,,50.0,0.0,25.75757575757575,50.0,50.0,13.043478260869565,31.466842336407552
2024-08-13,AMD,141.13,42218019.0,43316162.0,57958258.0,1.0,51.16,-0.20512531681216561,,,,,,,50.0,0.0,31.343283582089555,50.0,50.0,17.02127659574468,33.060760029639034
2024-08-14,AMD,140.75,35506434.0,43316162.0,57958258.0,1.0,63.6,-0.11716740889418553,,,,,,,50.0,0.0,0.0,50.0,50.0,31.25,30.208333333333332
2024-08-15,AMD,147.36,43543537.0,48226352.0,55958872.0,1.0,62.56,-0.05398985684021307,,,,,,,50.0,0.0,2.898550724637687,50.0,50.0,42.857142857142854,32.62594893029676
2024-08-16,AMD,148.56,31123927.0,48226352.0,55958872.0,1.0,67.0,-0.019923472753661464,,,,,,,50.0,0.0,0.0,50.0,50.0,58.0,34.666666666666664
2024-08-19,AMD,155.28,60766854.0,48226352.0,55958872.0,1.0,65.14,-0.0037852056200680106,,,,,,,50.0,0.0,1.4084507042253591,50.0,50.0,62.745098039215684,35.69225812390684
2024-08-20,AMD,156.4,76846538.0,48226352.0,55958872.0,1.0,65.78,0.01558441558441559,,,,,,,50.0,0.0,1.3888888888888857,50.0,50.0,73.07692307692308,37.410968660968656
2024-08-21,AMD,157.81,42791246.0,48226352.0,55958872.0,1.0,66.0,0.09112908801770048,,,,,,,50.0,0.0,1.3698630136986338,50.0,50.0,88.67924528301887,40.00818471611959
2024-08-22,AMD,151.7,45713057.0,48226352.0,55958872.0,1.0,64.82,0.09673221515326769,,,,,,,50.0,0.0,5.4054054054054035,50.0,50.0,88.88888888888889,40.71571571571572
2024-08-23,AMD,154.98,43694642.0,48226352.0,55958872.0,1.0,65.13,0.10707907707693387,,,,,,,50.0,0.0,5.333333333333329,50.0,50.0,90.9090909090909,41.040404040404034
2024-08-26,AMD,149.99,49893259.0,48226352.0,55958872.0,1.0,59.19,0.073273703041145,,,,,,,50.0,0.0,23.684210526315795,50.0,50.0,82.14285714285714,42.63784461152882
2024-08-27,AMD,150.5,35077150.0,48226352.0,55958872.0,1.0,60.47,0.08711355099682172,,,,,,,50.0,0.0,19.480519480519476,50.0,50.0,84.21052631578948,42.2818409660515
2024-08-28,AMD,146.36,34075823.0,48226352.0,55958872.0,1.0,54.92,0.01301218161683293,,,,,,,50.0,0.0,34.61538461538461,50.0,50.0,65.51724137931035,41.688770999115825
2024-08-29,AMD,145.49,31602113.0,48226352.0,55958872.0,1.0,51.0,0.09770635279915507,,,,,,,50.0,0.0,44.30379746835443,50.0,50.0,88.13559322033899,47.073231781448904
2024-08-30,AMD,148.56,31169069.0,50212398.0,43691253.0,1.15,51.86,0.1212075471698113,,,,,,,50.0,0.0,37.5,50.0,50.0,93.33333333333333,46.80555555555555
2024-09-03,AMD,136.94,42172672.0,50212398.0,43691253.0,1.15,46.5,0.015724669930277546,,,,,,,50.0,0.0,75.30864197530865,50.0,50.0,65.57377049180327,48.480402077851984
2024-09-04,AMD,140.87,42130648.0,50212398.0,43691253.0,1.15,41.45,0.08211706867414348,,,,,,,50.0,0.0,93.90243902439025,50.0,50.0,79.03225806451613,53.82244951481773
2024-09-05,AMD,139.44,25023021.0,50212398.0,43691253.0,1.15,47.04,0.08370249475402192,,,,,,,50.0,0.0,68.67469879518072,50.0,50.0,79.36507936507937,49.673296360043345
2024-09-06,AMD,134.35,39984507.0,50212398.0,43691253.0,1.15,39.16,-0.014451291079812245,,,,,,,50.0,0.0,97.61904761904762,50.0,50.0,50.0,49.6031746031746
2024-09-09,AMD,138.15,27194508.0,50212398.0,43691253.0,1.15,39.73,0.02889699858494077,,,,,,,50.0,0.0,96.47058823529412,50.0,50.0,66.15384615384616,52.10407239819005
2024-09-10,AMD,142.84,37217528.0,50212398.0,43691253.0,1.15,51.6,0.04438107772172262,,,,,,,50.0,0.0,36.04651162790697,50.0,50.0,68.18181818181819,42.37138830162086
2024-09-11,AMD,149.86,50935390.0,50212398.0,43691253.0,1.15,59.3,0.061857861546092296,,,,,,,50.0,0.0,21.839080459770116,50.0,50.0,74.6268656716418,41.07765768856865
2024-09-12,AMD,150.77,29279166.0,50212398.0,43691253.0,1.15,60.27,0.07119005328596817,,,,,,,50.0,0.0,18.181818181818187,50.0,50.0,75.0,40.53030303030303
2024-09-13,AMD,152.31,25117241.0,46399604.0,35222305.0,1.32,62.47,0.033591205211726205,,,,,,,50.0,0.0,11.235955056179776,50.0,50.0,63.768115942028984,37.50067849970146
2024-09-16,AMD,152.08,27673561.0,46399604.0,35222305.0,1.32,49.87,0.02369413031771672,,,,,,,50.0,0.0,50.0,50.0,50.0,60.0,43.333333333333336
2024-09-17,AMD,150.82,29882694.0,46399604.0,35222305.0,1.32,62.67,-0.0287223080886142,,,,,,,50.0,0.0,8.791208791208788,50.0,50.0,38.028169014084504,32.80322963421555
2024-09-18,AMD,148.29,26320083.0,46399604.0,35222305.0,1.32,62.67,-0.0518542199488492,,,,,,,50.0,0.0,8.695652173913047,50.0,50.0,30.555555555555557,31.541867954911435
2024-09-19,AMD,156.74,44497519.0,46399604.0,35222305.0,1.32,52.24,-0.006780305430581057,,,,,,,50.0,0.0,37.634408602150536,50.0,50.0,47.945205479452056,39.26326901360043
2024-09-20,AMD,155.95,40222901.0,46399604.0,35222305.0,1.32,53.88,0.02801582069874753,,,,,,,50.0,0.0,37.234042553191486,50.0,50.0,63.513513513513516,41.791259344450836
2024-09-23,AMD,156.75,21728542.0,46399604.0,35222305.0,1.32,59.91,0.011420828493999391,,,,,,,50.0,0.0,23.15789473684211,50.0,50.0,56.0,38.19298245614035
2024-09-24,AMD,158.32,27526784.0,46399604.0,35222305.0,1.32,61.92,0.05553703580238678,,,,,,,50.0,0.0,16.66666666666667,50.0,50.0,73.6842105263158,40.058479532163744
2024-09-25,AMD,162.02,35216764.0,46399604.0,35222305.0,1.32,58.47,0.07654485049833903,,,,,,,50.0,0.0,27.835051546391753,50.0,50.0,80.51948051948052,43.05908867764538
2024-09-26,AMD,167.49,38044919.0,46399604.0,35222305.0,1.32,61.28,0.14437004646078155,,,,,,,50.0,0.0,19.387755102040813,50.0,50.0,97.43589743589743,44.47060875632304
2024-09-27,AMD,164.35,27874477.0,46399604.0,35222305.0,1.32,58.01,0.1296309024675235,,,,,,,50.0,0.0,30.303030303030297,50.0,50.0,94.9367088607595,45.87328986063164
2024-09-30,AMD,164.08,21920300.0,44605073.0,30856949.0,1.45,46.2,0.10446957458266026,,,,,,,50.0,0.0,81.0,50.0,50.0,88.75,53.291666666666664
2024-10-01,AMD,159.75,31831860.0,44605073.0,30856949.0,1.45,52.16,0.16656930042354312,,,,,,,50.0,0.0,41.584158415841586,50.0,50.0,100.0,48.59735973597359
2024-10-02,AMD,159.78,24630431.0,44605073.0,30856949.0,1.45,46.96,0.13423724000851855,,,,,,,50.0,0.0,71.56862745098039,50.0,50.0,95.1219512195122,52.78176311174877
2024-10-03,AMD,162.85,29598787.0,44605073.0,30856949.0,1.45,42.6,0.16788582903040727,,,,,,,50.0,0.0,92.23300970873787,50.0,50.0,100.0,57.038834951456316
2024-10-04,AMD,170.9,44633096.0,44605073.0,30856949.0,1.45,47.26,0.2720506140677337,,,,,,,50.0,0.0,67.3076923076923,50.0,50.0,100.0,52.88461538461539
2024-10-07,AMD,170.97,38379930.0,44605073.0,30856949.0,1.45,46.31,0.23756786102062977,,,,,,,50.0,0.0,79.04761904761905,50.0,50.0,98.82352941176471,54.645191409897286
2024-10-08,AMD,172.8,34730152.0,44605073.0,30856949.0,1.45,50.26,0.2097451694203305,,,,,,,50.0,0.0,50.0,50.0,50.0,97.67441860465117,49.6124031007752
2024-10-09,AMD,171.02,33890735.0,44605073.0,30856949.0,1.45,44.41,0.14119845188842906,,,,,,,50.0,0.0,88.78504672897196,50.0,50.0,90.80459770114942,54.93160740502023
2024-10-10,AMD,164.18,75109320.0,44605073.0,30856949.0,1.45,47.01,0.08894342375804198,,,,,,,50.0,0.0,69.44444444444444,50.0,50.0,76.13636363636364,49.263468013468014
2024-10-11,AMD,167.89,42136175.0,44605073.0,30856949.0,1.45,43.46,0.10229137942354405,,,,,,,50.0,0.0,91.74311926605505,50.0,50.0,80.89887640449439,53.77366594509157
2024-10-14,AMD,165.27,31747005.0,44605073.0,30856949.0,1.45,42.07,0.08673066806943708,,,,,,,50.0,0.0,92.72727272727273,50.0,50.0,73.33333333333333,52.676767676767675
2024-10-15,AMD,156.64,50759024.0,47405570.0,39571533.0,1.2,46.53,0.038589046545550953,,,,,,,50.0,20.754716981132077,72.07207207207207,50.0,50.0,57.142857142857146,49.994941032676884
2024-10-16,AMD,156.13,30575773.0,47405570.0,39571533.0,1.2,46.28,0.05286937757097587,,,,,,,50.0,20.560747663551396,77.67857142857143,50.0,50.0,59.78260869565217,51.33698796462917
2024-10-17,AMD,156.25,29471853.0,47405570.0,39571533.0,1.2,48.15,-0.0031261962485645833,,,,,,,50.0,20.370370370370367,58.4070796460177,50.0,50.0,39.784946236559136,44.760399375491204
2024-10-18,AMD,155.97,23822985.0,47405570.0,39571533.0,1.2,50.91,0.0001282462327669709,,,,,,,50.0,20.18348623853211,44.73684210526316,50.0,50.0,41.48936170212766,42.73494834098715
2024-10-21,AMD,157.9,25781212.0,47405570.0,39571533.0,1.2,46.54,0.007336523125996752,,,,,,,50.0,20.0,71.30434782608695,50.0,50.0,45.26315789473684,47.76125095347063
2024-10-22,AMD,154.09,34330852.0,47405570.0,39571533.0,1.2,50.72,-0.026718039413845318,,,,,,,50.0,19.819819819819813,44.827586206896555,50.0,50.0,31.25,40.98290100445273
2024-10-23,AMD,152.91,26095933.0,47405570.0,39571533.0,1.2,47.41,-0.05622762621898536,,,,,,,50.0,19.64285714285714,62.39316239316239,50.0,50.0,20.61855670103093,42.10909603950841
2024-10-24,AMD,153.44,22877016.0,47405570.0,39571533.0,1.2,44.3,-0.08388560511075294,,,,,,,50.0,19.46902654867256,89.83050847457628,50.0,50.0,17.346938775510203,46.107745633126505
2024-10-25,AMD,156.23,29608489.0,47405570.0,39571533.0,1.2,51.9,-0.04940675387891702,,,,,,,50.0,19.298245614035082,36.134453781512605,50.0,50.0,25.252525252525253,38.44753744134549
2024-10-28,AMD,159.92,36010134.0,47405570.0,39571533.0,1.2,47.18,-0.025353486104339518,,,,,,,50.0,19.130434782608702,65.0,50.0,50.0,35.0,44.85507246376812
2024-10-29,AMD,166.25,71896038.0,47405570.0,39571533.0,1.2,62.29,0.04068857589984343,,,,,,,50.0,18.965517241379317,11.570247933884303,50.0,50.0,60.396039603960396,40.15530079653734
2024-10-30,AMD,148.6,87701674.0,47405570.0,39571533.0,1.2,60.39,-0.06997121041431975,,,,,,,50.0,18.803418803418808,18.032786885245898,50.0,50.0,19.607843137254903,34.4073414709866
2024-10-31,AMD,144.07,44199981.0,57100812.0,38321013.0,1.49,42.79,-0.11532084740558801,,,,,,,50.0,0.0,91.869918699187,50.0,50.0,15.533980582524272,42.900649880285215
2024-11-01,AMD,141.86,39018374.0,57100812.0,38321013.0,1.49,41.36,-0.1699239321240491,,,,,,,50.0,0.0,94.35483870967742,50.0,50.0,9.615384615384615,42.328370554177006
2024-11-04,AMD,140.71,28730421.0,57100812.0,38321013.0,1.49,37.8,-0.17699011522489316,,,,,,,50.0,0.0,98.4,50.0,50.0,9.523809523809524,42.987301587301594
2024-11-05,AMD,141.66,26767330.0,57100812.0,38321013.0,1.49,41.63,-0.18020833333333341,,,,,,,50.0,0.0,92.06349206349206,50.0,50.0,9.433962264150944,41.9162423879405
2024-11-06,AMD,145.1,32911499.0,57100812.0,38321013.0,1.49,34.92,-0.15156122090983515,,,,,,,50.0,0.0,99.21259842519684,50.0,50.0,12.149532710280374,43.5603551892462
2024-11-07,AMD,149.82,30326430.0,57100812.0,38321013.0,1.49,39.73,-0.08746497746375936,,,,,,,50.0,0.0,95.3125,50.0,50.0,20.37037037037037,44.28047839506173
2024-11-08,AMD,147.95,27542342.0,57100812.0,38321013.0,1.49,37.97,-0.11876824111025075,,,,,,,50.0,0.0,96.89922480620154,50.0,50.0,17.431192660550458,44.055069577792004
2024-11-11,AMD,147.35,29863395.0,57100812.0,38321013.0,1.49,36.17,-0.10842863193562058,,,,,,,50.0,0.0,98.46153846153847,50.0,50.0,20.0,44.743589743589745
2024-11-12,AMD,143.63,33560287.0,57100812.0,38321013.0,1.49,38.98,-0.08305669050051068,,,,,,,50.0,0.0,95.41984732824427,50.0,50.0,23.423423423423422,44.80721179194461
2024-11-13,AMD,139.3,35146648.0,57100812.0,38321013.0,1.49,40.32,-0.10779478639595197,,,,,,,50.0,0.0,91.66666666666667,50.0,50.0,20.535714285714285,43.70039682539683
2024-11-14,AMD,138.84,31617410.0,57100812.0,38321013.0,1.49,33.62,-0.11142399999999997,,,,,,,50.0,0.0,99.24812030075188,50.0,50.0,19.469026548672566,44.78619114157075
2024-11-15,AMD,134.9,44192480.0,49389555.0,32626054.0,1.51,35.97,-0.13509008142591516,,,,,,,50.0,0.0,97.76119402985074,50.0,50.0,13.157894736842104,43.4865147944488
2024-11-18,AMD,138.93,38782434.0,49389555.0,32626054.0,1.51,28.94,-0.12013932868904365,,,,,,,50.0,0.0,99.25925925925925,50.0,50.0,17.391304347826086,44.44176060118088
2024-11-19,AMD,139.39,23131352.0,49389555.0,32626054.0,1.51,42.15,-0.09539879291323261,,,,,,,50.0,0.0,84.55882352941177,50.0,50.0,24.137931034482758,43.11612576064908
2024-11-20,AMD,137.6,28643065.0,49389555.0,32626054.0,1.51,49.18,-0.10012425609835851,,,,,,,50.0,0.0,45.98540145985402,50.0,50.0,23.076923076923077,36.51038742279618
2024-11-21,AMD,137.49,29300642.0,49389555.0,32626054.0,1.51,56.98,-0.10394942648592276,,,,,,,50.0,0.0,26.086956521739125,50.0,50.0,22.88135593220339,33.16138540899042
2024-11-22,AMD,138.35,21774728.0,49389555.0,32626054.0,1.51,48.12,-0.11444664917109393,,,,,,,50.0,0.0,53.9568345323741,50.0,50.0,20.168067226890756,37.35415029321081
2024-11-25,AMD,141.13,30923110.0,49389555.0,32626054.0,1.51,33.35,-0.11749624812406201,,,,,,,50.0,0.0,98.57142857142857,50.0,50.0,18.333333333333332,44.48412698412698
2024-11-26,AMD,137.72,32092378.0,49389555.0,32626054.0,1.51,53.96,-0.171609022556391,,,,,,,50.0,0.0,30.496453900709213,50.0,50.0,9.917355371900827,31.73563487876834
2024-11-27,AMD,136.24,30165927.0,49389555.0,32626054.0,1.51,59.99,-0.08317631224764455,,,,,,,50.0,0.0,18.309859154929583,50.0,50.0,29.508196721311474,32.96967597937351
2024-11-29,AMD,137.175,16085714.0,45029617.0,27779304.0,1.62,51.14,-0.047858679808426285,,,,,,,50.0,0.0,38.46153846153846,50.0,50.0,38.21138211382114,37.778820095893266
2024-12-02,AMD,142.06,33102438.0,45029617.0,27779304.0,1.62,33.81,0.0014098406880020953,,,,,,,50.0,0.0,97.22222222222223,50.0,50.0,54.03225806451613,50.20908004778973
2024-12-03,AMD,141.98,22665348.0,45029617.0,27779304.0,1.62,48.98,0.009025655603723814,,,,,,,50.0,0.0,48.96551724137931,50.0,50.0,58.4,42.89425287356321
2024-12-04,AMD,143.99,25942650.0,45029617.0,27779304.0,1.62,54.53,0.0164478328391926,,,,,,,50.0,0.0,30.13698630136986,50.0,50.0,61.904761904761905,40.34029136768863
2024-12-05,AMD,141.36,29356925.0,45029617.0,27779304.0,1.62,58.44,-0.02577532736044097,,,,,,,50.0,0.0,21.768707482993193,50.0,50.0,44.881889763779526,36.10843287446212
2024-12-06,AMD,138.59,33576839.0,45029617.0,27779304.0,1.62,49.84,-0.07495661460419167,,,,,,,50.0,0.0,45.945945945945944,50.0,50.0,30.46875,37.73578265765766
2024-12-09,AMD,130.87,57034758.0,45029617.0,27779304.0,1.62,58.54,-0.11544440689422097,,,,,,,50.0,0.0,20.805369127516784,50.0,50.0,19.37984496124031,31.697535681459513
2024-12-10,AMD,127.74,38902398.0,45029617.0,27779304.0,1.62,54.43,-0.13308449270444522,,,,,,,50.0,0.0,31.33333333333333,50.0,50.0,13.076923076923077,32.4017094017094
2024-12-11,AMD,130.15,45588138.0,45029617.0,27779304.0,1.62,49.49,-0.09385225927730967,,,,,,,50.0,0.0,47.019867549668874,50.0,50.0,27.480916030534353,37.41679726336721
2024-12-12,AMD,130.6,34264166.0,45029617.0,27779304.0,1.62,57.84,-0.062455132806891744,,,,,,,50.0,0.0,24.34210526315789,50.0,50.0,34.84848484848485,34.86509835194045
2024-12-13,AMD,126.91,67544738.0,51636463.0,38658641.0,1.34,52.83,-0.08592624603860566,,,,,,,50.0,27.70270270270271,33.33333333333333,50.0,50.0,28.571428571428573,39.934577434577434
2024-12-16,AMD,126.69,42084677.0,51636463.0,38658641.0,1.34,41.29,-0.060859896219421894,,,,,,,50.0,27.516778523489933,87.66233766233766,50.0,50.0,35.82089552238806,50.16666861803594
2024-12-17,AMD,125.02,43304439.0,51636463.0,38658641.0,1.34,39.14,-0.10012236378032113,,,,,,,50.0,27.33333333333333,92.25806451612902,50.0,50.0,25.185185185185187,49.129430505774586
2024-12-18,AMD,121.41,49424442.0,51636463.0,38658641.0,1.34,46.25,-0.1289906019083148,,,,,,,50.0,27.152317880794698,71.7948717948718,50.0,50.0,13.235294117647058,43.69708063221893
2024-12-19,AMD,118.88,46160667.0,51636463.0,38658641.0,1.34,51.99,-0.13604651162790693,,,,,,,50.0,26.973684210526315,34.39490445859873,50.0,50.0,11.678832116788321,37.174570130985565
2024-12-20,AMD,119.21,53591212.0,51636463.0,38658641.0,1.34,36.25,-0.132955124009019,,,,,,,50.0,26.797385620915037,94.9367088607595,50.0,50.0,13.768115942028986,47.583701737283924
2024-12-23,AMD,124.6,47777898.0,51636463.0,38658641.0,1.34,46.6,-0.09938561619082042,,,,,,,50.0,26.62337662337663,65.40880503144655,50.0,50.0,27.33812949640288,44.89505185853768
2024-12-24,AMD,126.29,24800814.0,51636463.0,38658641.0,1.34,55.3,-0.10515127896265852,,,,,,,50.0,26.451612903225808,26.25,50.0,50.0,25.0,37.9502688172043
2024-12-26,AMD,125.06,25085138.0,51636463.0,38658641.0,1.34,58.92,-0.09192564623874522,,,,,,,50.0,26.282051282051285,19.254658385093165,50.0,50.0,30.49645390070922,37.67219392797561
2024-12-27,AMD,125.19,32921511.0,51636463.0,38658641.0,1.34,55.43,-0.08110687022900775,,,,,,,50.0,26.11464968152866,26.543209876543216,50.0,50.0,35.2112676056338,39.64485452728428
2024-12-30,AMD,122.44,30501637.0,51636463.0,38658641.0,1.34,42.77,-0.10741753234918905,,,,,,,50.0,25.9493670886076,82.82208588957056,50.0,50.0,24.475524475524477,47.207829575617104
2024-12-31,AMD,120.79,30198506.0,59401477.0,38587213.0,1.54,49.9,-0.14972546811206533,,,,,,,50.0,6.289308176100633,45.73170731707317,50.0,50.0,10.416666666666666,35.406280359973415
2025-01-02,AMD,120.63,34256182.0,59401477.0,38587213.0,1.54,59.48,-0.15037329201295957,,,,,,,50.0,6.25,17.575757575757578,50.0,50.0,10.344827586206897,30.695097526994076
2025-01-03,AMD,125.37,36779299.0,59401477.0,38587213.0,1.54,53.83,-0.12931453573164808,,,,,,,50.0,6.211180124223603,33.13253012048193,50.0,50.0,15.068493150684931,34.06870056589841
2025-01-06,AMD,129.55,48020190.0,59401477.0,38587213.0,1.54,58.55,-0.0835455574419921,,,,,,,50.0,6.172839506172835,19.76047904191617,50.0,50.0,34.69387755102041,35.10453268318491
2025-01-07,AMD,127.33,38720408.0,59401477.0,38587213.0,1.54,56.28,-0.0812468432065806,,,,,,,50.0,6.134969325153378,26.785714285714292,50.0,50.0,37.16216216216216,36.68047429550497
2025-01-08,AMD,121.84,46702736.0,59401477.0,38587213.0,1.54,57.14,-0.06899977076488117,,,,,,,50.0,6.097560975609753,25.443786982248525,50.0,50.0,40.26845637583892,36.96830072228287
2025-01-10,AMD,116.04,58903114.0,59401477.0,38587213.0,1.54,60.31,-0.09159229685298254,,,,,,,50.0,6.060606060606062,13.529411764705884,50.0,50.0,32.0,33.598336304218655
2025-01-13,AMD,117.32,37798897.0,59401477.0,38587213.0,1.54,56.61,-0.09857856319631209,,,,,,,50.0,6.024096385542165,26.900584795321635,50.0,50.0,29.13907284768212,35.34395900475765
2025-01-14,AMD,116.09,37005279.0,59401477.0,38587213.0,1.54,60.33,-0.11110260336906574,,,,,,,50.0,5.988023952095801,13.372093023255815,50.0,50.0,23.68421052631579,32.17405458361123
2025-01-15,AMD,119.96,38180219.0,58914070.0,41770258.0,1.41,51.84,-0.05476321802852413,,,,,,,50.0,29.76190476190476,39.30635838150289,50.0,50.0,45.09803921568628,44.02771705984899
2025-01-16,AMD,118.44,29414126.0,58914070.0,41770258.0,1.41,55.61,-0.06511958323466727,,,,,,,50.0,29.585798816568044,28.735632183908052,50.0,50.0,41.55844155844156,41.64664542648627
2025-01-17,AMD,121.46,35752724.0,58914070.0,41770258.0,1.41,55.4,-0.02847544392897139,,,,,,,50.0,29.411764705882348,29.714285714285708,50.0,50.0,52.25806451612903,43.56401915604951
2025-01-21,AMD,122.28,31578832.0,58914070.0,41770258.0,1.41,56.43,0.007165801828515006,,,,,,,50.0,29.239766081871352,27.272727272727266,50.0,50.0,64.1025641025641,45.10250957619379
2025-01-22,AMD,123.75,35022582.0,58914070.0,41770258.0,1.41,61.87,0.04096567967698528,,,,,,,50.0,29.069767441860463,10.169491525423723,50.0,50.0,74.52229299363057,43.960258660152455
2025-01-23,AMD,123.04,24171108.0,58914070.0,41770258.0,1.41,58.4,0.032128177166345306,,,,,,,50.0,28.90173410404624,23.033707865168537,50.0,50.0,71.51898734177215,45.575738218497825
2025-01-24,AMD,122.84,31570300.0,58914070.0,41770258.0,1.41,59.1,-0.01412520064205447,,,,,,,50.0,28.735632183908052,19.55307262569832,50.0,50.0,57.23270440251572,42.58690153535368
2025-01-27,AMD,115.01,61020338.0,58914070.0,41770258.0,1.41,42.88,-0.08931823580647713,,,,,,,50.0,28.57142857142857,83.33333333333333,50.0,50.0,31.875,48.96329365079365
2025-01-28,AMD,114.17,39887460.0,58914070.0,41770258.0,1.41,30.32,-0.08707820246281783,,,,,,,50.0,28.409090909090907,98.89502762430939,50.0,50.0,32.91925465838509,51.703895531964235
2025-01-29,AMD,117.35,40186902.0,58914070.0,41770258.0,1.41,38.06,-0.06262481028836175,,,,,,,50.0,28.248587570621467,92.85714285714286,50.0,50.0,41.97530864197531,52.18017317828994
2025-01-30,AMD,118.86,29788383.0,58914070.0,41770258.0,1.41,39.71,-0.02923881084612867,,,,,,,50.0,28.089887640449433,90.7103825136612,50.0,50.0,50.920245398773005,53.28675259214727
2025-01-31,AMD,115.95,40533565.0,47802951.0,36329131.0,1.32,40.48,-0.04006954218064407,,,,,,,50.0,40.22346368715084,88.04347826086956,50.0,50.0,47.5609756097561,54.304652926296086
2025-02-03,AMD,114.27,34564051.0,47802951.0,36329131.0,1.32,34.49,-0.052723203183287715,,,,,,,50.0,40.0,96.75675675675676,50.0,50.0,45.45454545454545,55.368550368550366
2025-02-04,AMD,119.5,69412094.0,47802951.0,36329131.0,1.32,56.65,-0.04682140863045392,,,,,,,50.0,39.77900552486188,26.88172043010752,50.0,50.0,47.59036144578313,44.04184790012542
2025-02-05,AMD,112.01,110601743.0,47802951.0,36329131.0,1.32,61.13,-0.13539174064067927,,,,,,,50.0,39.56043956043956,11.764705882352942,50.0,50.0,11.377245508982035,35.450398491962424
2025-02-06,AMD,110.16,50426590.0,47802951.0,36329131.0,1.32,53.23,-0.13484646194926575,,,,,,,50.0,39.34426229508197,37.234042553191486,50.0,50.0,12.5,39.846384141378905
2025-02-07,AMD,107.56,46082431.0,47802951.0,36329131.0,1.32,54.98,-0.1172028890347997,,,,,,,50.0,39.130434782608695,32.80423280423281,50.0,50.0,19.526627218934912,40.24354913429607
2025-02-10,AMD,110.48,34905359.0,47802951.0,36329131.0,1.32,40.0,-0.04791451223715959,,,,,,,50.0,38.91891891891892,88.42105263157895,50.0,50.0,47.64705882352941,54.164505062337874
2025-02-11,AMD,111.1,35033759.0,47802951.0,36329131.0,1.32,50.39,-0.053017388339584026,,,,,,,50.0,38.70967741935484,47.64397905759162,50.0,50.0,45.6140350877193,46.99461526077763
2025-02-12,AMD,111.72,25319729.0,47802951.0,36329131.0,1.32,51.73,-0.03764320785597386,,,,,,,50.0,38.50267379679144,41.145833333333336,50.0,50.0,50.58139534883721,46.70498374649367
2025-02-13,AMD,111.81,40911804.0,47802951.0,36329131.0,1.32,39.31,-0.06793931310436807,,,,,,,50.0,38.297872340425535,90.67357512953367,50.0,50.0,39.884393063583815,53.14264008892385
2025-02-14,AMD,113.1,32477159.0,52797087.0,47701092.0,1.11,46.86,-0.04508611955420472,,,,,,,50.0,60.317460317460316,64.94845360824742,50.0,50.0,49.42528735632184,54.115200213671606
2025-02-18,AMD,114.28,31720307.0,52797087.0,47701092.0,1.11,35.74,-0.05911411164169267,,,,,,,50.0,60.0,95.8974358974359,50.0,50.0,42.857142857142854,58.12576312576312
2025-02-19,AMD,114.69,28807709.0,52797087.0,47701092.0,1.11,39.42,-0.06207065750736018,,,,,,,50.0,59.68586387434555,89.79591836734694,50.0,50.0,42.04545454545455,56.92120613119118
2025-02-20,AMD,114.17,27219565.0,52797087.0,47701092.0,1.11,33.3,-0.07741414141414138,,,,,,,50.0,59.375,98.4771573604061,50.0,50.0,36.72316384180791,57.429220200368995
2025-02-21,AMD,110.84,41353683.0,52797087.0,47701092.0,1.11,46.31,-0.09915474642392719,,,,,,,50.0,59.067357512953365,69.69696969696969,50.0,50.0,26.96629213483146,50.95510322412576
2025-02-24,AMD,108.11,29072208.0,52797087.0,47701092.0,1.11,41.89,-0.11991208075545423,,,,,,,50.0,58.76288659793814,82.41206030150754,50.0,50.0,17.318435754189945,51.41556377560593
2025-02-25,AMD,103.96,39169161.0,52797087.0,47701092.0,1.11,30.37,-0.09607860186070782,,,,,,,50.0,58.46153846153846,98.5,50.0,50.0,28.88888888888889,55.975071225071225
2025-02-26,AMD,104.74,29166325.0,52797087.0,47701092.0,1.11,33.63,-0.0825961285801875,,,,,,,50.0,58.16326530612245,96.51741293532338,50.0,50.0,35.91160220994475,56.76538007523177
2025-02-27,AMD,99.51,47260722.0,52797087.0,47701092.0,1.11,36.78,-0.1520238602471239,,,,,,,50.0,57.868020304568525,92.07920792079207,50.0,50.0,7.6923076923076925,51.27325598627805
2025-02-28,AMD,99.86,45194576.0,56779479.0,35237402.0,1.61,26.68,-0.15985192663637893,,,,,,,50.0,5.050505050505052,99.50738916256158,50.0,50.0,7.6502732240437155,43.701361239518384
2025-03-03,AMD,98.23,38957988.0,56779479.0,35237402.0,1.61,32.84,-0.1528244933160845,,,,,,,50.0,5.0251256281406995,97.54901960784314,50.0,50.0,8.152173913043478,43.45438652483789
2025-03-04,AMD,100.75,54156941.0,56779479.0,35237402.0,1.61,30.56,-0.1183162684869169,,,,,,,50.0,5.0,97.5609756097561,50.0,50.0,19.45945945945946,45.3367391782026
2025-03-05,AMD,101.67,27855488.0,56779479.0,35237402.0,1.61,37.02,-0.14920502092050203,,,,,,,50.0,4.975124378109456,90.29126213592232,50.0,50.0,10.75268817204301,42.66984578101247
2025-03-06,AMD,98.85,28948978.0,56779479.0,35237402.0,1.61,39.22,-0.11748950986519069,,,,,,,50.0,4.950495049504951,86.95652173913044,50.0,50.0,20.855614973262032,43.793771960316235
2025-03-07,AMD,100.31,33254367.0,56779479.0,35237402.0,1.61,31.3,-0.08941539578794477,,,,,,,50.0,4.926108374384242,97.11538461538461,50.0,50.0,33.51063829787234,47.59202188127353
2025-03-10,AMD,96.63,38704927.0,56779479.0,35237402.0,1.61,30.43,-0.10161770174786167,,,,,,,50.0,4.901960784313729,97.60765550239235,50.0,50.0,27.513227513227513,46.6704739666556
2025-03-11,AMD,96.76,34078300.0,56779479.0,35237402.0,1.61,35.49,-0.12418537291817522,,,,,,,50.0,4.878048780487802,92.38095238095238,50.0,50.0,15.789473684210526,43.841412474275124
2025-03-12,AMD,100.79,34234753.0,56779479.0,35237402.0,1.61,45.85,-0.09279927992799275,,,,,,,50.0,4.854368932038838,70.14218009478674,50.0,50.0,32.98429319371728,42.99680703675714
2025-03-13,AMD,98.11,28575150.0,56779479.0,35237402.0,1.61,53.56,-0.12182241317579667,,,,,,,50.0,4.830917874396135,33.490566037735846,50.0,50.0,17.708333333333332,34.33830287424422
2025-03-14,AMD,100.97,24715265.0,55850273.0,34151730.0,1.64,48.67,-0.09695018334674899,,,,,,,50.0,0.0,51.17370892018779,50.0,50.0,31.60621761658031,38.79665442279468
2025-03-17,AMD,104.59,43689523.0,55850273.0,34151730.0,1.64,54.59,-0.07524314765694073,,,,,,,50.0,0.0,30.373831775700936,50.0,50.0,42.2680412371134,37.10697883546906
2025-03-18,AMD,103.51,27152827.0,55850273.0,34151730.0,1.64,53.61,-0.09424221211060546,,,,,,,50.0,0.0,33.48837209302326,50.0,50.0,32.82051282051282,36.05148081892268
2025-03-19,AMD,106.23,32287496.0,55850273.0,34151730.0,1.64,49.63,-0.07376405963902688,,,,,,,50.0,0.0,47.22222222222222,50.0,50.0,43.36734693877551,40.09826152683296
2025-03-20,AMD,107.14,26869239.0,55850273.0,34151730.0,1.64,57.43,-0.06157484453008677,,,,,,,50.0,0.0,22.11981566820276,50.0,50.0,48.223350253807105,36.72386098700164
2025-03-21,AMD,106.44,30135863.0,55850273.0,34151730.0,1.64,56.7,-0.03969686033922781,,,,,,,50.0,0.0,23.853211009174316,50.0,50.0,56.06060606060606,38.318969511630065
2025-03-24,AMD,113.85,53342002.0,55850273.0,34151730.0,1.64,51.49,0.053094070853759945,,,,,,,50.0,0.0,40.182648401826484,50.0,50.0,81.4070351758794,45.26494726295098
2025-03-25,AMD,114.81,29077507.0,55850273.0,34151730.0,1.64,43.14,0.10436706425548303,,,,,,,50.0,0.0,75.9090909090909,50.0,50.0,91.5,52.90151515151515
2025-03-26,AMD,110.19,39976485.0,55850273.0,34151730.0,1.64,40.73,0.052033607026923834,,,,,,,50.0,0.0,81.90045248868779,50.0,50.0,80.09950248756219,51.99999249604166
2025-03-27,AMD,106.65,32773714.0,55850273.0,34151730.0,1.64,40.92,0.07175158275550197,,,,,,,50.0,0.0,81.53153153153153,50.0,50.0,84.65346534653466,52.697499479677695
2025-03-28,AMD,103.22,31069114.0,55850273.0,34151730.0,1.64,47.31,0.03364710594832765,,,,,,,50.0,0.0,56.95067264573991,50.0,50.0,76.35467980295566,47.21755874144926
2025-03-31,AMD,102.74,30865342.0,46106164.0,34155414.0,1.35,48.34,0.045912653975363815,,,,,,,50.0,37.44292237442922,52.67857142857143,50.0,50.0,78.92156862745098,53.17384373840861
2025-04-01,AMD,102.78,23523230.0,46106164.0,34155414.0,1.35,56.03,0.020148883374689897,,,,,,,50.0,37.27272727272727,25.77777777777777,50.0,50.0,72.6829268292683,47.62223864662889
2025-04-02,AMD,102.96,20793989.0,46106164.0,34155414.0,1.35,60.61,0.012688108586603741,,,,,,,50.0,37.10407239819005,10.176991150442475,50.0,50.0,70.3883495145631,44.61156884386594
2025-04-03,AMD,93.8,50472542.0,46106164.0,34155414.0,1.35,54.25,-0.051087506322711196,,,,,,,50.0,36.93693693693694,32.15859030837004,50.0,50.0,50.72463768115942,44.9700274877444
2025-04-04,AMD,85.76,65800021.0,46106164.0,34155414.0,1.35,45.05,-0.14505034393380523,,,,,,,50.0,36.771300448430495,71.9298245614035,50.0,50.0,10.096153846153847,44.79954647599798
2025-04-07,AMD,83.64,70515292.0,46106164.0,34155414.0,1.35,23.12,-0.13443030114871157,,,,,,,50.0,36.607142857142854,99.56331877729258,50.0,50.0,12.91866028708134,49.84818698691947
2025-04-08,AMD,78.21,69910233.0,46106164.0,34155414.0,1.35,48.88,-0.19171145101281528,,,,,,,50.0,36.44444444444444,50.869565217391305,50.0,50.0,4.285714285714286,40.266620657925
2025-04-09,AMD,96.84,97759852.0,46106164.0,34155414.0,1.35,46.89,-0.03919039587260642,,,,,,,50.0,36.283185840707965,60.60606060606061,50.0,50.0,54.976303317535546,50.31092496071736
2025-04-10,AMD,88.7,65210565.0,46106164.0,34155414.0,1.35,58.16,-0.09591275099378249,,,,,,,50.0,36.12334801762115,19.396551724137936,50.0,50.0,31.132075471698112,39.44199586890953
2025-04-11,AMD,93.4,57892600.0,46106164.0,34155414.0,1.35,45.18,-0.0749727641873823,,,,,,,50.0,35.96491228070175,71.67381974248927,50.0,50.0,41.31455399061033,49.82554766896689
2025-04-14,AMD,94.5,36002970.0,46106164.0,34155414.0,1.35,58.35,-0.09647193804379006,,,,,,,50.0,35.80786026200873,19.230769230769226,50.0,50.0,30.373831775700936,39.235410211413146
2025-04-15,AMD,95.29,28094036.0,44440539.0,52846077.0,1.0,61.23,-0.07941261713844072,,,,,,,50.0,67.3913043478261,9.36170212765957,50.0,50.0,40.46511627906977,44.536353792425906
2025-04-16,AMD,88.29,61795016.0,44440539.0,52846077.0,1.0,51.53,-0.16887884778311213,,,,,,,50.0,67.0995670995671,39.40677966101695,50.0,50.0,6.944444444444445,43.90846520083809
2025-04-17,AMD,87.5,34801437.0,44440539.0,52846077.0,1.0,36.78,-0.18331155497479934,,,,,,,50.0,66.8103448275862,89.87341772151899,50.0,50.0,5.0691244239631335,51.9588144955114
2025-04-21,AMD,85.56,33855392.0,44440539.0,52846077.0,1.0,35.66,-0.19616685456595262,,,,,,,50.0,66.52360515021459,92.43697478991596,50.0,50.0,4.128440366972477,52.18150338451718
2025-04-22,AMD,86.26,35236735.0,44440539.0,52846077.0,1.0,43.99,-0.24233640755379882,,,,,,,50.0,66.23931623931624,74.47698744769875,50.0,50.0,2.73972602739726,48.90933828573537
2025-04-23,AMD,90.39,41102589.0,44440539.0,52846077.0,1.0,36.38,-0.2126992422262869,,,,,,,50.0,65.95744680851064,90.41666666666667,50.0,50.0,4.090909090909091,51.74417042768106
2025-04-24,AMD,94.47,33681919.0,44440539.0,52846077.0,1.0,35.84,-0.1426626735638442,,,,,,,50.0,65.67796610169492,91.70124481327801,50.0,50.0,12.669683257918551,53.34148236214858
2025-04-25,AMD,96.645,28575343.0,44440539.0,52846077.0,1.0,37.74,-0.09381153305203949,,,,,,,50.0,65.40084388185653,88.01652892561984,50.0,50.0,34.68468468468468,56.350342915360166
2025-04-28,AMD,96.39,30456683.0,44440539.0,52846077.0,1.0,41.18,-0.06616934702577015,,,,,,,50.0,65.12605042016807,79.42386831275721,50.0,50.0,46.63677130044843,56.86444833889561
2025-04-29,AMD,96.06,20700637.0,44440539.0,52846077.0,1.0,37.13,-0.06501849328401788,,,,,,,50.0,64.85355648535565,88.11475409836066,50.0,50.0,47.32142857142857,58.38162319252414
2025-04-30,AMD,97.35,29730729.0,40942603.0,34698882.0,1.18,43.15,-0.05283129013426746,,,,,,,50.0,57.083333333333336,73.87755102040816,50.0,50.0,52.888888888888886,55.64162887377173
2025-05-01,AMD,96.65,29534933.0,40942603.0,34698882.0,1.18,41.11,-0.06128593628593615,,,,,,,50.0,56.84647302904564,79.26829268292683,50.0,50.0,49.557522123893804,55.94538130597772
2025-05-02,AMD,98.8,29949638.0,40942603.0,34698882.0,1.18,32.64,0.05330490405117261,,,,,,,50.0,56.611570247933884,96.35627530364373,50.0,50.0,82.81938325991189,64.29787146858159
2025-05-05,AMD,100.59,41204886.0,40942603.0,34698882.0,1.18,43.3,0.1729244402985075,,,,,,,50.0,56.37860082304527,72.98387096774194,50.0,50.0,98.6842105263158,63.00778038618383
2025-05-06,AMD,98.62,54264254.0,40942603.0,34698882.0,1.18,48.96,0.17910090865614547,,,,,,,50.0,56.14754098360656,48.19277108433735,50.0,50.0,98.68995633187772,58.83837806663694
2025-05-07,AMD,100.36,86648749.0,40942603.0,34698882.0,1.18,47.86,0.2832118654903466,,,,,,,50.0,55.91836734693877,54.0,50.0,50.0,100.0,59.98639455782313
2025-05-08,AMD,101.7,54231362.0,40942603.0,34698882.0,1.18,42.47,0.05018587360594795,,,,,,,50.0,55.6910569105691,75.69721115537848,50.0,50.0,80.08658008658008,60.245808025421276
2025-05-09,AMD,102.84,31704261.0,40942603.0,34698882.0,1.18,47.17,0.15941375422773385,,,,,,,50.0,55.465587044534416,56.34920634920635,50.0,50.0,96.55172413793103,59.727752921945296
2025-05-12,AMD,108.12,50543396.0,40942603.0,34698882.0,1.18,46.82,0.15760171306209858,,,,,,,50.0,55.24193548387097,58.89328063241107,50.0,50.0,96.13733905579399,60.04542586201267
2025-05-13,AMD,112.46,55659513.0,40942603.0,34698882.0,1.18,55.17,0.19005291005291003,,,,,,,50.0,55.02008032128514,26.77165354330708,50.0,50.0,98.2905982905983,55.01372202586509
2025-05-14,AMD,117.72,86743700.0,40942603.0,34698882.0,1.18,61.56,0.23538671424073865,,,,,,,50.0,54.8,8.235294117647058,50.0,50.0,98.72340425531915,51.95978306216103
2025-05-15,AMD,114.99,43843235.0,48465479.0,50959178.0,1.0,59.67,0.30241250424736643,,,,,,,50.0,66.13545816733068,14.0625,50.0,50.0,100.0,55.032993027888445
2025-05-16,AMD,117.17,43419695.0,48465479.0,50959178.0,1.0,60.81,0.3390857142857142,,,,,,,50.0,65.87301587301587,9.727626459143963,50.0,50.0,100.0,54.26677372202664
2025-05-19,AMD,114.74,37737373.0,48465479.0,50959178.0,1.0,63.01,0.3410472183263207,,,,,,,50.0,65.61264822134387,3.100775193798455,50.0,50.0,100.0,53.11890390252372
2025-05-20,AMD,113.51,29030815.0,48465479.0,50959178.0,1.0,58.93,0.3159054022722003,,,,,,,50.0,65.35433070866142,16.602316602316606,50.0,50.0,99.16317991631799,55.186637871216
2025-05-21,AMD,112.06,43594606.0,48465479.0,50959178.0,1.0,60.14,0.23973890917136864,,,,,,,50.0,65.09803921568627,13.461538461538467,50.0,50.0,97.5,54.34326294620413
2025-05-22,AMD,110.71,29251957.0,48465479.0,50959178.0,1.0,55.15,0.1719064253202074,,,,,,,50.0,64.84375,29.11877394636015,50.0,50.0,94.60580912863071,56.428055512498474
2025-05-23,AMD,110.31,30867274.0,48465479.0,50959178.0,1.0,52.05,0.14139376067049514,,,,,,,50.0,64.59143968871595,35.87786259541984,50.0,50.0,91.32231404958678,56.965269388953764
2025-05-27,AMD,114.56,37885019.0,48465479.0,50959178.0,1.0,35.24,0.1885050316422865,,,,,,,50.0,64.34108527131784,93.15589353612167,50.0,50.0,95.47325102880659,67.16170497270768
2025-05-28,AMD,112.86,27483741.0,48465479.0,50959178.0,1.0,40.76,0.17489069331667695,,,,,,,50.0,64.0926640926641,81.06060606060606,50.0,50.0,94.67213114754098,64.97090021680187
2025-05-29,AMD,113.03,30572131.0,48465479.0,50959178.0,1.0,47.51,0.16106831022085277,,,,,,,50.0,63.84615384615385,54.716981132075475,50.0,50.0,92.65306122448979,60.20269936711984
2025-05-30,AMD,110.73,36088472.0,39672775.0,34432722.0,1.15,44.8,0.14568028970512148,,,,,,,50.0,56.70498084291188,69.92481203007519,50.0,50.0,91.0569105691057,61.2811172403488
2025-06-02,AMD,114.63,34078358.0,39672775.0,34432722.0,1.15,34.11,0.16022267206477725,,,,,,,50.0,56.48854961832061,94.00749063670412,50.0,50.0,92.3076923076923,65.46728876045283
2025-06-03,AMD,117.31,37161484.0,39672775.0,34432722.0,1.15,44.35,0.16621930609404512,,,,,,,50.0,56.27376425855513,71.26865671641791,50.0,50.0,92.74193548387096,61.714059409807334
2025-06-04,AMD,118.58,31024986.0,39672775.0,34432722.0,1.15,50.04,0.2023930237274385,,,,,,,50.0,56.06060606060606,43.49442379182156,50.0,50.0,95.9839357429719,57.58982759923325
2025-06-05,AMD,115.69,34182902.0,39672775.0,34432722.0,1.15,46.49,0.15275009964129138,,,,,,,50.0,55.84905660377358,62.592592592592595,50.0,50.0,90.4,59.806941532727706
2025-06-06,AMD,116.19,27042083.0,39672775.0,34432722.0,1.15,34.92,0.14247787610619467,,,,,,,50.0,55.6390977443609,92.98892988929889,50.0,50.0,88.44621513944223,64.51237379551701
2025-06-09,AMD,121.73,55437652.0,39672775.0,34432722.0,1.15,48.45,0.18368339167639047,,,,,,,50.0,55.43071161048689,50.36764705882353,50.0,50.0,94.84126984126983,58.43993808509671
2025-06-10,AMD,123.24,41691908.0,39672775.0,34432722.0,1.15,60.48,0.1398446170921197,,,,,,,50.0,55.223880597014926,10.256410256410263,50.0,50.0,86.95652173913044,50.406135432092604
2025-06-11,AMD,121.14,32261863.0,39672775.0,34432722.0,1.15,51.83,0.07718299839943099,,,,,,,50.0,55.01858736059479,36.496350364963504,50.0,50.0,78.74015748031496,53.37584920097888
2025-06-12,AMD,118.5,44718365.0,39672775.0,34432722.0,1.15,61.57,0.006625891946992812,,,,,,,50.0,54.81481481481482,8.0,50.0,50.0,62.745098039215684,45.92665214233841
2025-06-13,AMD,116.16,39702742.0,41007282.0,37488845.0,1.09,53.15,0.010174797808505165,,,,,,,50.0,64.94464944649447,33.69565217391305,50.0,50.0,64.453125,52.18223777006792
2025-06-16,AMD,126.39,100968478.0,41007282.0,37488845.0,1.09,52.76,0.07868908423657928,,,,,,,50.0,64.70588235294117,34.29602888086643,50.0,50.0,78.98832684824903,54.66503968034277
2025-06-17,AMD,127.1,86623910.0,41007282.0,37488845.0,1.09,62.08,0.10772180582185809,,,,,,,50.0,64.46886446886447,5.755395683453244,50.0,50.0,84.49612403100775,50.78673069722091
2025-06-18,AMD,126.79,49627112.0,41007282.0,37488845.0,1.09,56.15,0.11699409743634925,,,,,,,50.0,64.23357664233578,25.448028673835125,50.0,50.0,84.94208494208495,54.103948376375975
2025-06-20,AMD,128.24,79930980.0,41007282.0,37488845.0,1.09,59.51,0.1443869355702303,,,,,,,50.0,64.0,15.357142857142861,50.0,50.0,88.84615384615384,53.03388278388278
2025-06-23,AMD,129.58,65152874.0,41007282.0,37488845.0,1.09,55.57,0.17044530756029275,,,,,,,50.0,63.768115942028984,26.690391459074732,50.0,50.0,93.10344827586206,55.5936592794943
2025-06-24,AMD,138.43,78571997.0,41007282.0,37488845.0,1.09,53.41,0.2549179584806456,,,,,,,50.0,63.537906137184116,34.04255319148936,50.0,50.0,97.70992366412214,57.548397165465936
2025-06-25,AMD,143.4,74607219.0,41007282.0,37488845.0,1.09,60.94,0.25174581005586605,,,,,,,50.0,63.30935251798561,9.89399293286219,50.0,50.0,97.33840304182509,53.42362474877881
2025-06-26,AMD,143.68,58180081.0,41007282.0,37488845.0,1.09,64.62,0.2730816941343257,,,,,,,50.0,63.08243727598566,2.1126760563380316,50.0,50.0,98.10606060606061,52.21686232306405
2025-06-27,AMD,143.81,61937853.0,41007282.0,37488845.0,1.09,57.51,0.27231708396001064,,,,,,,50.0,62.857142857142854,22.45614035087719,50.0,50.0,97.73584905660377,55.50818871077064
2025-06-30,AMD,141.9,42972468.0,48818299.0,69449339.0,1.0,59.25,0.28149552966675695,,,,,,,50.0,66.19217081850533,16.783216783216787,50.0,50.0,98.1203007518797,55.1826147256003
2025-07-01,AMD,136.11,55257237.0,48818299.0,69449339.0,1.0,49.35,0.18738550117770236,,,,,,,50.0,65.95744680851064,48.43205574912892,50.0,50.0,93.25842696629213,59.607988253988616
2025-07-02,AMD,138.52,39227986.0,48818299.0,69449339.0,1.0,49.34,0.18080300059670962,,,,,,,50.0,65.7243816254417,48.611111111111114,50.0,50.0,92.53731343283582,59.47880102823143
2025-07-03,AMD,137.91,28645747.0,48818299.0,69449339.0,1.0,58.61,0.16301231236296165,,,,,,,50.0,65.49295774647888,18.339100346020757,50.0,50.0,89.21933085501858,53.8418981579197
2025-07-07,AMD,134.8,37395010.0,48818299.0,69449339.0,1.0,49.42,0.1651828161465987,,,,,,,50.0,65.26315789473685,47.93103448275862,50.0,50.0,89.25925925925925,58.74224193945912
2025-07-08,AMD,137.82,36124612.0,48818299.0,69449339.0,1.0,50.6,0.1861605990188484,,,,,,,50.0,65.03496503496504,43.6426116838488,50.0,50.0,92.98892988929889,58.61108443468546
2025-07-09,AMD,138.41,37013130.0,48818299.0,69449339.0,1.0,54.48,0.13702456255647744,,,,,,,50.0,64.80836236933797,32.1917808219178,50.0,50.0,83.08823529411765,55.014729747562235
2025-07-10,AMD,144.16,61101465.0,48818299.0,69449339.0,1.0,51.19,0.16975008114248613,,,,,,,50.0,64.58333333333334,41.29692832764505,50.0,50.0,90.10989010989012,57.66502529514475
2025-07-11,AMD,146.42,50049179.0,48818299.0,69449339.0,1.0,61.71,0.20868416707941218,,,,,,,50.0,64.3598615916955,7.823129251700678,50.0,50.0,94.52554744525547,52.784756381441944
2025-07-14,AMD,146.24,44718554.0,48818299.0,69449339.0,1.0,61.77,0.23409282700421952,,,,,,,50.0,64.13793103448276,7.7966101694915295,50.0,50.0,94.9090909090909,52.807272018844195
2025-07-15,AMD,155.61,93370081.0,44717085.0,48014470.0,1.0,53.89,0.33961776859504145,,,,,,,50.0,63.91752577319588,33.78378378378379,50.0,50.0,99.6376811594203,57.88983178606666
2025-07-16,AMD,160.08,59492760.0,44717085.0,48014470.0,1.0,56.34,0.2665558984096843,,,,,,,50.0,63.6986301369863,26.262626262626256,50.0,50.0,96.38989169675091,56.058524682727246
2025-07-17,AMD,160.41,50605117.0,44717085.0,48014470.0,1.0,58.49,0.2620771046420143,,,,,,,50.0,63.48122866894198,19.463087248322154,50.0,50.0,96.0431654676259,54.83124689748167
2025-07-18,AMD,156.99,48859835.0,44717085.0,48014470.0,1.0,60.66,0.2381891316349869,,,,,,,50.0,63.265306122448976,11.036789297658856,50.0,50.0,94.6236559139785,53.15429188901439
2025-07-21,AMD,157.0,39021130.0,44717085.0,48014470.0,1.0,48.11,0.22426699937616967,,,,,,,50.0,63.05084745762712,56.666666666666664,50.0,50.0,93.21428571428571,60.48863330642991
2025-07-22,AMD,154.72,49028017.0,44717085.0,48014470.0,1.0,43.2,0.19401142151566586,,,,,,,50.0,62.83783783783784,76.0797342192691,50.0,50.0,91.81494661921708,63.45541977938734
2025-07-23,AMD,158.65,41510896.0,44717085.0,48014470.0,1.0,37.37,0.14606660405981353,,,,,,,50.0,62.62626262626262,88.74172185430464,50.0,50.0,83.33333333333333,64.11688630231676
2025-07-24,AMD,162.12,48440112.0,44717085.0,48014470.0,1.0,39.04,0.13054393305439338,,,,,,,50.0,62.41610738255034,86.7986798679868,50.0,50.0,79.15194346289752,63.061121785572446
2025-07-25,AMD,166.47,53432260.0,44717085.0,48014470.0,1.0,46.42,0.15861636971046766,,,,,,,50.0,62.207357859531776,65.78947368421052,50.0,50.0,84.50704225352112,60.4173122995439
2025-07-28,AMD,173.66,68267835.0,44717085.0,48014470.0,1.0,38.91,0.20756553786245746,,,,,,,50.0,62.0,87.21311475409836,50.0,50.0,92.28070175438596,65.24896941808072
2025-07-29,AMD,177.44,108154838.0,44717085.0,48014470.0,1.0,38.84,0.25045806906272006,,,,,,,50.0,61.794019933554814,87.25490196078431,50.0,50.0,95.1048951048951,65.6923028332057
2025-07-30,AMD,179.51,64820291.0,44717085.0,48014470.0,1.0,41.99,0.3188597457938429,,,,,,,50.0,61.58940397350993,78.17589576547232,50.0,50.0,98.95470383275261,64.78666726195581
2025-07-31,AMD,176.31,71765285.0,42120268.0,58308936.0,1.0,40.78,0.2728125902396765,,,,,,,50.0,61.386138613861384,81.49350649350649,50.0,50.0,96.875,64.95910751789465
2025-08-01,AMD,171.7,75396130.0,42120268.0,58308936.0,1.0,40.33,0.24501486476687684,,,,,,,50.0,61.18421052631579,82.52427184466019,50.0,50.0,94.11764705882354,64.63768823829992
2025-08-04,AMD,176.78,52951044.0,42120268.0,58308936.0,1.0,56.31,0.31142433234421363,,,,,,,50.0,60.98360655737705,26.129032258064512,50.0,50.0,98.27586206896552,55.89808348073452
2025-08-05,AMD,174.31,88808520.0,42120268.0,58308936.0,1.0,62.21,0.2647656363372515,,,,,,,50.0,60.78431372549019,5.466237942122191,50.0,50.0,95.18900343642612,51.90659251733975
2025-08-06,AMD,163.12,133641835.0,42120268.0,58308936.0,1.0,58.78,0.17852756303735284,,,,,,,50.0,60.586319218241044,18.269230769230774,50.0,50.0,86.98630136986301,52.6403085595558
2025-08-07,AMD,172.4,95448310.0,42120268.0,58308936.0,1.0,52.02,0.1958934517203108,,,,,,,50.0,60.38961038961039,38.019169329073485,50.0,50.0,89.76109215017065,56.36164531147576
2025-08-08,AMD,172.76,68866692.0,42120268.0,58308936.0,1.0,51.95,0.1798934571779811,,,,,,,50.0,60.19417475728155,38.53503184713376,50.0,50.0,87.07482993197279,55.96733942273135
2025-08-11,AMD,172.28,70651033.0,42120268.0,58308936.0,1.0,50.17,0.17806345733041562,,,,,,,50.0,60.0,46.03174603174603,50.0,50.0,86.10169491525424,57.02224015783338
2025-08-12,AMD,174.95,52335746.0,42120268.0,58308936.0,1.0,50.45,0.12428507165349245,,,,,,,50.0,59.80707395498392,44.936708860759495,50.0,50.0,75.0,54.95729713595724
2025-08-13,AMD,184.42,108305129.0,42120268.0,58308936.0,1.0,49.74,0.1520489755122436,,,,,,,50.0,59.61538461538461,48.26498422712934,50.0,50.0,80.47138047138047,56.3919582189824
2025-08-14,AMD,180.95,66308821.0,42120268.0,58308936.0,1.0,49.34,0.12804687987033225,,,,,,,50.0,59.424920127795524,50.0,50.0,50.0,75.16778523489933,55.76545089378248
2025-08-15,AMD,177.51,51543136.0,47900122.0,78160904.0,1.0,50.17,0.13070896235428986,,,,,,,50.0,59.23566878980892,45.76802507836991,50.0,50.0,75.91973244147157,55.15390438494173
2025-08-18,AMD,176.14,35937528.0,47900122.0,78160904.0,1.0,60.53,0.1219108280254777,,,,,,,50.0,59.04761904761905,11.25,50.0,50.0,74.0,49.04960317460317
2025-08-19,AMD,166.55,64455006.0,47900122.0,78160904.0,1.0,52.16,0.07646070320579113,,,,,,,50.0,58.860759493670884,36.7601246105919,50.0,50.0,66.77740863787375,52.066382123689415
2025-08-20,AMD,165.2,60233226.0,47900122.0,78160904.0,1.0,48.59,0.041285849353923654,,,,,,,50.0,58.67507886435331,54.037267080745345,50.0,50.0,60.9271523178808,53.93991637716325
2025-08-21,AMD,163.71,37880461.0,47900122.0,78160904.0,1.0,46.24,0.00980754996299038,,,,,,,50.0,58.490566037735846,68.11145510835914,50.0,50.0,54.45544554455446,55.17624444844157
2025-08-22,AMD,167.76,43998605.0,47900122.0,78160904.0,1.0,40.34,0.007749143989908003,,,,,,,50.0,58.307210031347964,83.02469135802468,50.0,50.0,53.94736842105263,57.54654496840421
2025-08-25,AMD,163.36,36134684.0,47900122.0,78160904.0,1.0,52.67,-0.05931129793850043,,,,,,,50.0,58.125,36.0,50.0,50.0,37.377049180327866,46.917008196721305
2025-08-26,AMD,166.62,52138562.0,47900122.0,78160904.0,1.0,60.93,-0.06097835888187553,,,,,,,50.0,57.94392523364486,10.122699386503072,50.0,50.0,36.928104575163395,42.49912153255189
2025-08-27,AMD,167.13,37031044.0,47900122.0,78160904.0,1.0,44.62,-0.06896551724137934,,,,,,,50.0,57.7639751552795,71.86544342507645,50.0,50.0,33.55048859934853,52.19665119661741
2025-08-28,AMD,168.58,36285192.0,47900122.0,78160904.0,1.0,54.08,-0.043843230673245914,,,,,,,50.0,57.585139318885446,32.6219512195122,50.0,50.0,42.857142857142854,47.17737223259008
2025-08-29,AMD,162.63,37516824.0,39165658.0,43968417.0,1.0,53.79,-0.05282469423412928,,,,,,,50.0,57.407407407407405,34.04255319148936,50.0,50.0,40.1294498381877,46.92990173951409
2025-09-02,AMD,162.32,38656131.0,39165658.0,43968417.0,1.0,50.69,-0.08179658332390549,,,,,,,50.0,57.23076923076923,44.24242424242424,50.0,50.0,29.677419354838708,46.8584354713387
2025-09-03,AMD,162.13,30752786.0,39165658.0,43968417.0,1.0,58.41,-0.06987550915036433,,,,,,,50.0,57.05521472392638,20.24169184290031,50.0,50.0,33.11897106109325,43.40264627131999
2025-09-04,AMD,161.79,32103496.0,39165658.0,43968417.0,1.0,59.79,-0.008153506620892648,,,,,,,50.0,56.88073394495413,15.06024096385542,50.0,50.0,50.64102564102564,45.43033342497253
2025-09-05,AMD,151.14,78255950.0,39165658.0,43968417.0,1.0,58.12,-0.1233178654292344,,,,,,,50.0,56.707317073170735,21.621621621621628,50.0,50.0,12.779552715654953,40.18474856840789
2025-09-08,AMD,151.41,41848995.0,39165658.0,43968417.0,1.0,52.19,-0.12358184764991897,,,,,,,50.0,56.53495440729483,37.4251497005988,50.0,50.0,12.738853503184714,42.78315960184639
2025-09-09,AMD,155.82,42802472.0,39165658.0,43968417.0,1.0,55.22,-0.09554214070118416,,,,,,,50.0,56.36363636363637,29.253731343283576,50.0,50.0,24.126984126984127,43.290725305650675
2025-09-10,AMD,159.54,52465270.0,39165658.0,43968417.0,1.0,53.18,-0.08808230923120886,,,,,,,50.0,56.19335347432024,36.01190476190476,50.0,50.0,27.21518987341772,44.90340801827379
2025-09-11,AMD,155.67,48817715.0,39165658.0,43968417.0,1.0,52.99,-0.1558941546470014,,,,,,,50.0,56.024096385542165,36.49851632047478,50.0,50.0,6.624605678233438,41.524536397375066
2025-09-12,AMD,158.57,42232777.0,39165658.0,43968417.0,1.0,53.27,-0.12368057474440453,,,,,,,50.0,55.85585585585586,35.50295857988165,50.0,50.0,12.89308176100629,42.37531603279063
2025-09-15,AMD,161.16,36808726.0,41767201.0,44203062.0,1.0,53.76,-0.09210748690214632,,,,,,,50.0,55.68862275449102,34.51327433628319,50.0,50.0,26.33228840125392,44.42236424867135
2025-09-16,AMD,160.46,27946478.0,41767201.0,44203062.0,1.0,52.78,-0.08902009764959684,,,,,,,50.0,55.52238805970149,37.35294117647059,50.0,50.0,27.8125,45.11463820602868
2025-09-17,AMD,159.16,41823842.0,41767201.0,44203062.0,1.0,52.59,-0.04437105974181932,,,,,,,50.0,55.357142857142854,38.12316715542522,50.0,50.0,44.54828660436137,48.00476610282158
2025-09-18,AMD,157.92,84549468.0,41767201.0,44203062.0,1.0,49.95,-0.04406779661016946,,,,,,,50.0,55.19287833827893,49.12280701754386,50.0,50.0,44.72049689440994,49.839363708372126
2025-09-19,AMD,157.39,55448076.0,41767201.0,44203062.0,1.0,50.87,-0.038604850039704486,,,,,,,50.0,55.02958579881657,45.481049562682216,50.0,50.0,46.43962848297214,49.49171064074515
2025-09-22,AMD,159.79,46505480.0,41767201.0,44203062.0,1.0,36.4,-0.04750834525512637,,,,,,,50.0,54.86725663716814,91.56976744186046,50.0,50.0,43.51851851851852,56.659257099591194
2025-09-23,AMD,160.9,39448320.0,41767201.0,44203062.0,1.0,35.98,-0.015058765915768935,,,,,,,50.0,54.705882352941174,92.46376811594203,50.0,50.0,51.69230769230769,58.143659693531816
2025-09-24,AMD,160.88,38464120.0,41767201.0,44203062.0,1.0,37.07,-0.03444964590085231,,,,,,,50.0,54.54545454545455,89.88439306358381,50.0,50.0,47.54601226993865,56.99597664649617
2025-09-25,AMD,161.27,36809877.0,41767201.0,44203062.0,1.0,35.38,-0.03506252617722727,,,,,,,50.0,54.3859649122807,93.94812680115274,50.0,50.0,47.400611620795104,57.622450555704766
2025-09-26,AMD,159.46,30316931.0,41767201.0,44203062.0,1.0,36.35,-0.054098944121485415,,,,,,,50.0,54.22740524781341,91.37931034482759,50.0,50.0,39.9390243902439,55.924289997147476
2025-09-29,AMD,161.36,39828794.0,41767201.0,44203062.0,1.0,35.51,-0.007809137305540115,,,,,,,50.0,54.06976744186046,93.40974212034384,50.0,50.0,53.191489361702125,58.44516648731773
2025-09-30,AMD,161.79,29669331.0,37942273.0,42532125.0,1.0,37.57,-0.0032651552488910385,,,,,,,50.0,53.91304347826087,88.28571428571429,50.0,50.0,53.93939393939394,57.68969195056152
2025-10-01,AMD,164.01,39895177.0,37942273.0,42532125.0,1.0,37.4,0.011595633133904881,,,,,,,50.0,53.75722543352601,88.31908831908832,50.0,50.0,58.91238670694864,58.4981167432605
2025-10-02,AMD,169.73,55475228.0,37942273.0,42532125.0,1.0,39.87,0.04907596266765557,,,,,,,50.0,53.60230547550432,83.23863636363636,50.0,50.0,65.36144578313252,58.70039793704553
2025-10-03,AMD,164.67,42699147.0,37942273.0,42532125.0,1.0,39.27,0.08951965065502177,,,,,,,50.0,53.44827586206897,84.70254957507082,50.0,50.0,72.67267267267268,60.137249684968744
2025-10-06,AMD,203.71,248859576.0,37942273.0,42532125.0,1.0,45.99,0.34541972128657306,,,,,,,50.0,53.29512893982808,68.92655367231639,50.0,50.0,100.0,62.03694710202408
2025-10-07,AMD,211.51,115748143.0,37942273.0,42532125.0,1.0,55.06,0.3573995635990246,,,,,,,50.0,53.142857142857146,28.732394366197184,50.0,50.0,100.0,55.312541918175725
2025-10-08,AMD,235.56,159983459.0,37942273.0,42532125.0,1.0,58.91,0.4764949229033473,,,,,,,50.0,52.99145299145299,16.853932584269657,50.0,50.0,100.0,53.30756426262044
2025-10-09,AMD,232.89,94290740.0,37942273.0,42532125.0,1.0,64.66,0.4960493351320101,,,,,,,50.0,52.84090909090909,1.680672268907557,50.0,50.0,100.0,50.75359689330278
2025-10-10,AMD,214.9,118656636.0,37942273.0,42532125.0,1.0,57.21,0.3552374345714828,,,,,,,50.0,52.69121813031161,22.90502793296089,50.0,50.0,99.11242603550296,54.11811201646258
2025-10-13,AMD,216.42,63104021.0,37942273.0,42532125.0,1.0,53.98,0.34288905435591954,,,,,,,50.0,52.54237288135593,32.31197771587743,50.0,50.0,98.52507374631269,55.563237390591006
2025-10-14,AMD,218.09,71216269.0,37942273.0,42532125.0,1.0,62.84,0.35915492957746475,,,,,,,50.0,52.394366197183096,3.055555555555557,50.0,50.0,99.41176470588235,50.81028107643683
2025-10-15,AMD,238.6,108480962.0,38861080.0,100865432.0,1.0,59.02,0.499120382005529,,,,,,,50.0,52.247191011235955,16.62049861495845,50.0,50.0,100.0,53.14461493769907
2025-10-16,AMD,234.56,69726437.0,38861080.0,100865432.0,1.0,58.26,0.48530901722391095,,,,,,,50.0,52.10084033613445,20.7182320441989,50.0,50.0,99.41520467836257,53.70571284311598
2025-10-17,AMD,233.08,55804203.0,38861080.0,100865432.0,1.0,53.61,0.4809073003367432,,,,,,,50.0,51.95530726256983,34.710743801652896,50.0,50.0,99.12536443148689,55.9652359159516
2025-10-20,AMD,240.56,56741695.0,38861080.0,100865432.0,1.0,53.52,0.5054759371675326,,,,,,,50.0,51.81058495821727,35.43956043956044,50.0,50.0,100.0,56.208357566296286
2025-10-21,AMD,238.03,47122393.0,38861080.0,100865432.0,1.0,41.59,0.4793660658794281,,,,,,,50.0,51.666666666666664,78.63013698630137,50.0,50.0,98.55072463768116,63.1412547151082
2025-10-22,AMD,230.23,59668778.0,38861080.0,100865432.0,1.0,41.92,0.4310666335156639,,,,,,,50.0,51.52354570637119,77.8688524590164,50.0,50.0,97.97687861271676,62.89487946301739
2025-10-23,AMD,234.99,39024429.0,38861080.0,100865432.0,1.0,44.11,0.45712159732126234,,,,,,,50.0,51.38121546961326,73.56948228882834,50.0,50.0,97.98270893371757,62.15556778202653
2025-10-24,AMD,252.92,71221044.0,38861080.0,100865432.0,1.0,36.31,0.5861030979555999,,,,,,,50.0,51.239669421487605,91.57608695652173,50.0,50.0,100.0,65.46929272966823
2025-10-27,AMD,259.67,65612980.0,38861080.0,100865432.0,1.0,41.97,0.6092588001983144,,,,,,,50.0,51.0989010989011,77.50677506775068,50.0,50.0,100.0,63.1009460277753
2025-10-28,AMD,258.01,47448229.0,38861080.0,100865432.0,1.0,40.1,0.5947215526299525,,,,,,,50.0,50.95890410958904,82.70270270270271,50.0,50.0,99.71428571428571,63.89598208776292
2025-10-29,AMD,264.33,49335594.0,38861080.0,100865432.0,1.0,49.17,0.6116700201207244,,,,,,,50.0,50.81967213114754,52.02156334231806,50.0,50.0,100.0,58.806872578910934
2025-10-30,AMD,254.84,45162452.0,38861080.0,100865432.0,1.0,46.42,0.5014434690390621,,,,,,,50.0,50.68119891008175,65.05376344086022,50.0,50.0,98.57954545454545,60.7190846342479
2025-10-31,AMD,256.12,34449175.0,37184848.0,53135752.0,1.0,42.55,0.5553531305034312,,,,,,,50.0,50.54347826086956,76.13941018766756,50.0,50.0,98.86685552407933,62.59162399543607
2025-11-03,AMD,259.65,36351420.0,37184848.0,53135752.0,1.0,43.75,0.2746060576309457,,,,,,,50.0,50.40650406504065,73.52941176470588,50.0,50.0,91.80790960451978,60.95730423904439
2025-11-04,AMD,250.05,56491820.0,37184848.0,53135752.0,1.0,39.91,0.18221360692165867,,,,,,,50.0,50.270270270270274,83.46666666666667,50.0,50.0,83.66197183098592,61.23315146132048
2025-11-05,AMD,256.33,67366272.0,37184848.0,53135752.0,1.0,43.63,0.08817286466293073,,,,,,,50.0,50.13477088948787,73.40425531914894,50.0,50.0,67.69662921348315,56.872609237019994
2025-11-06,AMD,237.7,66049388.0,37184848.0,53135752.0,1.0,54.09,0.020653527416376827,,,,,,,50.0,50.0,31.299734748010607,50.0,50.0,56.582633053221286,47.98039463353865
2025-11-07,AMD,233.54,52162536.0,37184848.0,53135752.0,1.0,33.75,0.08673801768264311,,,,,,,50.0,49.865951742627345,96.03174603174602,50.0,50.0,67.31843575418995,60.53602225476055
2025-11-10,AMD,243.98,43361446.0,37184848.0,53135752.0,1.0,42.55,0.12734497735883932,,,,,,,50.0,49.73262032085562,75.72559366754618,50.0,50.0,72.70194986072423,58.02669397485433
2025-11-11,AMD,237.52,61336768.0,37184848.0,53135752.0,1.0,54.09,0.08909165940666708,,,,,,,50.0,49.6,31.05263157894737,50.0,50.0,68.05555555555556,49.78469785575049
2025-11-12,AMD,258.89,108941079.0,37184848.0,53135752.0,1.0,40.97,0.08503772003352883,,,,,,,50.0,49.46808510638298,80.05249343832021,50.0,50.0,66.20498614958449,57.62092744904795
2025-11-13,AMD,247.96,63178265.0,37184848.0,53135752.0,1.0,46.69,0.05712824010914064,,,,,,,50.0,49.3368700265252,61.518324607329845,50.0,50.0,62.98342541436464,53.97310334136995
2025-11-14,AMD,246.81,47655644.0,40737550.0,59352101.0,1.0,42.12,0.05890681311137813,,,,,,,50.0,49.20634920634921,76.50130548302872,50.0,50.0,63.08539944903581,56.46550902306896
2025-11-17,AMD,240.52,37942206.0,40737550.0,59352101.0,1.0,54.81,-0.00016627868307284022,,,,,,,50.0,49.07651715039578,28.90625,50.0,50.0,49.72527472527472,46.284673645945084
2025-11-18,AMD,230.29,45619750.0,40737550.0,59352101.0,1.0,48.4,-0.0325169096332395,,,,,,,50.0,48.94736842105263,54.54545454545455,50.0,50.0,43.83561643835616,49.55473990081055
2025-11-19,AMD,223.55,52093443.0,40737550.0,59352101.0,1.0,49.11,-0.0290144637970724,,,,,,,50.0,48.818897637795274,51.295336787564764,50.0,50.0,44.26229508196721,49.06275491788788
2025-11-20,AMD,206.02,66342690.0,40737550.0,59352101.0,1.0,42.63,-0.12328184178050128,,,,,,,50.0,48.69109947643979,75.1937984496124,50.0,50.0,11.989100817438691,47.645666457248474
2025-11-21,AMD,203.78,67421045.0,40737550.0,59352101.0,1.0,34.2,-0.19429068480151823,,,,,,,50.0,48.56396866840731,95.36082474226804,50.0,50.0,3.260869565217391,49.530943829315454
2025-11-24,AMD,215.05,46749561.0,40737550.0,59352101.0,1.0,46.79,-0.17183348095659878,,,,,,,50.0,48.4375,60.9254498714653,50.0,50.0,4.878048780487805,44.04016644199218
2025-11-25,AMD,206.13,69773476.0,40737550.0,59352101.0,1.0,47.69,-0.20107747761714656,,,,,,,50.0,48.311688311688314,56.92307692307692,50.0,50.0,2.972972972972973,43.03462303462303
2025-11-26,AMD,214.24,43270240.0,40737550.0,59352101.0,1.0,44.05,-0.18949797601482987,,,,,,,50.0,48.18652849740933,71.86700767263427,50.0,50.0,4.3126684636118595,45.72770077227591
2025-11-28,AMD,217.53,18657987.0,37039237.0,48950886.0,1.0,42.24,-0.1464055878198085,,,,,,,50.0,48.06201550387597,76.27551020408163,50.0,50.0,8.602150537634408,47.15661270759867
2025-12-01,AMD,219.76,30768722.0,37039237.0,48950886.0,1.0,47.07,-0.14196470404497896,,,,,,,50.0,47.93814432989691,59.033078880407125,50.0,50.0,9.383378016085791,44.39243353773164
2025-12-02,AMD,215.24,42002362.0,37039237.0,48950886.0,1.0,41.61,-0.17103793568264958,,,,,,,50.0,47.81491002570694,78.42639593908629,50.0,50.0,5.882352941176471,47.020609817661615
2025-12-03,AMD,217.6,28545180.0,37039237.0,48950886.0,1.0,40.74,-0.12977404519096192,,,,,,,50.0,47.69230769230769,81.51898734177215,50.0,50.0,12.0,48.53521583901331
2025-12-04,AMD,215.98,24478204.0,37039237.0,48950886.0,1.0,39.76,-0.15741427066671865,,,,,,,50.0,47.570332480818415,84.0909090909091,50.0,50.0,6.914893617021277,48.096022531458125
2025-12-05,AMD,217.97,33292215.0,37039237.0,48950886.0,1.0,38.95,-0.08300378628523342,,,,,,,50.0,47.44897959183673,86.90176322418137,50.0,50.0,28.647214854111407,52.166326278354916
2025-12-08,AMD,221.11,30943082.0,37039237.0,48950886.0,1.0,42.21,-0.05322428706003246,,,,,,,50.0,47.32824427480916,75.62814070351759,50.0,50.0,38.095238095238095,51.84193717892747
2025-12-09,AMD,221.62,25157354.0,37039237.0,48950886.0,1.0,40.86,-0.0916468562996966,,,,,,,50.0,47.20812182741117,80.45112781954887,50.0,50.0,25.329815303430077,50.498177491731674
2025-12-10,AMD,221.42,23270851.0,37039237.0,48950886.0,1.0,38.58,-0.06778376557763566,,,,,,,50.0,47.08860759493671,87.5,50.0,50.0,33.421052631578945,53.00161003775261
2025-12-11,AMD,221.43,30679730.0,37039237.0,48950886.0,1.0,47.68,-0.1446946579628413,,,,,,,50.0,46.96969696969697,55.61097256857855,50.0,50.0,9.448818897637794,43.671581405985556
2025-12-12,AMD,210.78,37050076.0,37039237.0,48950886.0,1.0,44.95,-0.14994353928052917,,,,,,,50.0,46.85138539042821,67.91044776119404,50.0,50.0,8.37696335078534,45.52313275040126
2025-12-15,AMD,207.58,27222076.0,36052433.0,29969415.0,1.2,31.69,-0.1589481787609902,,,,,,,50.0,31.4070351758794,97.76674937965261,50.0,50.0,6.788511749347259,47.66038271747988
2025-12-16,AMD,209.17,23467549.0,36052433.0,29969415.0,1.2,46.17,-0.13034259105271917,,,,,,,50.0,31.32832080200501,65.0990099009901,50.0,50.0,12.760416666666666,43.197957894943634
2025-12-17,AMD,198.11,31595409.0,36052433.0,29969415.0,1.2,45.27,-0.13973685353250243,,,,,,,50.0,31.25,66.91358024691358,50.0,50.0,10.64935064935065,43.135488482710706
2025-12-18,AMD,201.06,29720136.0,36052433.0,29969415.0,1.2,45.31,-0.10060389174681283,,,,,,,50.0,31.17206982543641,66.7487684729064,50.0,50.0,21.502590673575128,44.90390482865299
2025-12-19,AMD,213.43,58445450.0,36052433.0,29969415.0,1.2,48.91,0.0359673818075914,,,,,,,50.0,31.094527363184085,49.877149877149876,50.0,50.0,60.46511627906977,48.57279891990063
2025-12-22,AMD,214.95,24950728.0,36052433.0,29969415.0,1.2,51.06,0.05481401511433903,,,,,,,50.0,31.01736972704714,40.931372549019606,50.0,50.0,63.91752577319588,47.644378008210445
2025-12-23,AMD,214.9,20272288.0,36052433.0,29969415.0,1.2,43.64,-0.0006975122064636352,,,,,,,50.0,30.94059405940594,71.63814180929096,50.0,50.0,52.18508997429306,50.793970973831655
2025-12-24,AMD,215.04,7956797.0,36052433.0,29969415.0,1.2,46.92,0.04322514917770337,,,,,,,50.0,30.864197530864203,58.292682926829265,50.0,50.0,61.53846153846154,50.115890332692494
2025-12-26,AMD,214.99,15792558.0,36052433.0,29969415.0,1.2,48.44,0.0035007468259895536,,,,,,,50.0,30.78817733990148,51.824817518248175,50.0,50.0,53.19693094629156,47.63498763407353
2025-12-29,AMD,215.61,20326855.0,36052433.0,29969415.0,1.2,38.5,-0.008826368776720384,,,,,,,50.0,30.712530712530707,87.62135922330097,50.0,50.0,50.0,53.05564832263861
2025-12-30,AMD,215.34,16409566.0,36052433.0,29969415.0,1.2,37.72,-0.020112850382235092,,,,,,,50.0,30.637254901960787,88.61985472154964,50.0,50.0,48.346055979643765,52.93386093385903
2025-12-31,AMD,214.16,17591581.0,36873432.0,23981964.0,1.54,38.42,-0.005017654711020336,,,,,,,50.0,7.57946210268949,87.43961352657004,50.0,50.0,51.015228426395936,49.33905067594258
2026-01-02,AMD,223.47,36446169.0,36873432.0,23981964.0,1.54,43.51,0.026976102941176583,,,,,,,50.0,7.560975609756099,71.56626506024097,50.0,50.0,58.9873417721519,48.01909707369149
2026-01-05,AMD,221.08,31941147.0,36873432.0,23981964.0,1.54,44.14,0.023613297527548927,,,,,,,50.0,7.542579075425792,69.71153846153845,50.0,50.0,58.333333333333336,47.59790847838293
2026-01-06,AMD,214.35,40033208.0,36873432.0,23981964.0,1.54,41.42,-0.016607790062852734,,,,,,,50.0,7.524271844660191,77.93764988009592,50.0,50.0,48.86649874055416,47.38807007755171
2026-01-07,AMD,210.02,29715483.0,36873432.0,23981964.0,1.54,43.64,-0.05015603093482879,,,,,,,50.0,7.506053268765129,70.8133971291866,50.0,50.0,39.949748743718594,44.71153319027838
2026-01-08,AMD,204.68,27505031.0,36873432.0,23981964.0,1.54,40.58,-0.0764371446620341,,,,,,,50.0,7.487922705314006,81.14558472553699,50.0,50.0,30.827067669172934,44.91009585000399
2026-01-09,AMD,203.17,24217339.0,36873432.0,23981964.0,1.54,41.45,-0.08242254538885374,,,,,,,50.0,7.46987951807229,77.38095238095238,50.0,50.0,29.25,44.01680531650411
2026-01-12,AMD,207.69,27287274.0,36873432.0,23981964.0,1.54,52.4,-0.0620512125728222,,,,,,,50.0,7.45192307692308,34.204275534441805,50.0,50.0,35.66084788029925,37.88617441527736
2026-01-13,AMD,220.97,56894937.0,36873432.0,23981964.0,1.54,53.11,0.0483442451845526,,,,,,,50.0,7.434052757793765,32.70142180094787,50.0,50.0,63.43283582089552,42.26138506327286
2026-01-14,AMD,223.6,40466520.0,36873432.0,23981964.0,1.54,57.7,0.07717506503516702,,,,,,,50.0,7.41626794258373,19.148936170212764,50.0,50.0,68.4863523573201,40.84192607835276
2026-01-15,AMD,227.92,55270210.0,38164595.0,36441347.0,1.05,52.23,0.0896400057369604,,,,,,,50.0,49.40334128878282,34.90566037735849,50.0,50.0,71.78217821782178,51.01519664732718
2026-01-16,AMD,231.83,42545614.0,38164595.0,36441347.0,1.05,44.57,0.170208470041896,,,,,,,50.0,49.285714285714285,67.52941176470588,50.0,50.0,83.20987654320987,58.337500432271675
2026-01-20,AMD,231.92,44327712.0,38164595.0,36441347.0,1.05,54.38,0.15348652143638697,,,,,,,50.0,49.1686460807601,27.934272300469488,50.0,50.0,80.29556650246306,51.23308081394877
2026-01-21,AMD,249.8,62385578.0,38164595.0,36441347.0,1.05,52.75,0.17040715925596217,,,,,,,50.0,49.052132701421804,33.95784543325527,50.0,50.0,83.29238329238329,52.71706023784339
2026-01-22,AMD,253.73,37945005.0,38164595.0,36441347.0,1.05,61.5,0.18041404977901832,,,,,,,50.0,48.93617021276596,7.242990654205613,50.0,50.0,85.29411764705883,48.5788797523384
2026-01-23,AMD,259.68,47525928.0,38164595.0,36441347.0,1.05,54.35,0.2083759888320149,,,,,,,50.0,48.820754716981135,28.205128205128204,50.0,50.0,88.01955990220048,52.50757380405164
2026-01-26,AMD,251.31,30672461.0,38164595.0,36441347.0,1.05,39.46,0.1686662946428572,,,,,,,50.0,48.705882352941174,84.65116279069767,50.0,50.0,82.1951219512195,60.925361182476394
2026-01-27,AMD,252.03,25691598.0,38164595.0,36441347.0,1.05,36.96,0.17228708312014507,,,,,,,50.0,48.59154929577465,90.48723897911833,50.0,50.0,83.45498783454988,62.08896268490715
2026-01-28,AMD,252.74,27061187.0,38164595.0,36441347.0,1.05,38.83,0.1722090812114465,,,,,,,50.0,48.477751756440284,87.03703703703704,50.0,50.0,83.25242718446601,61.46120266299056
2026-01-29,AMD,252.18,31685168.0,38164595.0,36441347.0,1.05,36.57,0.171078294789635,,,,,,,50.0,48.36448598130841,91.22401847575058,50.0,50.0,82.80871670702179,62.0662035273468
2026-01-30,AMD,236.73,40035670.0,33811708.0,38450154.0,1.0,38.48,0.10538849458348887,,,,,,,50.0,50.582750582750585,87.32718894009217,50.0,50.0,71.98067632850241,59.981769308557524
2026-02-02,AMD,246.27,36308106.0,33811708.0,38450154.0,1.0,49.46,0.10202711773392403,,,,,,,50.0,50.46511627906977,45.747126436781606,50.0,50.0,71.08433734939759,52.882763344208165
2026-02-03,AMD,242.11,53097051.0,33811708.0,38450154.0,1.0,55.19,0.09512393703636701,,,,,,,50.0,50.34802784222738,24.54128440366972,50.0,50.0,70.1923076923077,49.1802699897008
2026-02-04,AMD,200.19,107173293.0,33811708.0,38450154.0,1.0,39.14,-0.06606018194541641,,,,,,,50.0,50.23148148148148,85.1258581235698,50.0,50.0,32.853717026378895,53.03517610523836
2026-02-05,AMD,192.5,62196419.0,33811708.0,38450154.0,1.0,36.46,-0.0834206266069899,,,,,,,50.0,50.11547344110855,91.32420091324201,50.0,50.0,27.033492822966508,53.07886119621952
2026-02-06,AMD,208.44,54504470.0,33811708.0,38450154.0,1.0,51.28,0.018370138753175613,,,,,,,50.0,50.0,38.95216400911162,50.0,50.0,56.32458233890215,49.212791058002296
2026-02-09,AMD,216.0,38810841.0,33811708.0,38450154.0,1.0,48.45,0.06314908697150168,,,,,,,50.0,49.88505747126437,50.68181818181818,50.0,50.0,65.0,52.594479275513756
2026-02-10,AMD,213.57,25326694.0,33811708.0,38450154.0,1.0,60.88,0.028311425682507663,,,,,,,50.0,49.77064220183486,8.390022675736958,50.0,50.0,57.957244655581945,44.3529849221923
2026-02-11,AMD,213.58,33384744.0,33811708.0,38450154.0,1.0,57.18,-0.03344345386251524,,,,,,,50.0,49.65675057208238,20.13574660633485,50.0,50.0,43.838862559241704,43.93855995627649
2026-02-12,AMD,205.94,32180957.0,33811708.0,38450154.0,1.0,61.67,-0.07898032200357785,,,,,,,50.0,49.54337899543379,6.5462753950338595,50.0,50.0,29.314420803782507,39.234012532375026
2026-02-13,AMD,207.32,26123882.0,30729466.0,46056424.0,1.0,53.03,-0.09038259038259033,,,,,,,50.0,49.430523917995444,33.10810810810811,50.0,50.0,24.528301886792452,42.84448898548266
2026-02-17,AMD,203.08,33712081.0,30729466.0,46056424.0,1.0,54.28,-0.12401328559720481,,,,,,,50.0,49.31818181818182,28.31460674157303,50.0,50.0,12.941176470588236,40.09566083839051
2026-02-18,AMD,200.12,35664087.0,30729466.0,46056424.0,1.0,57.16,-0.13711624698171776,,,,,,,50.0,49.20634920634921,20.403587443946194,50.0,50.0,10.093896713615024,38.28397222731841
2026-02-19,AMD,203.37,25842274.0,30729466.0,46056424.0,1.0,56.89,-0.1858686949559648,,,,,,,50.0,49.09502262443439,21.029082774049215,50.0,50.0,3.981264637002342,37.350895005914325
2026-02-20,AMD,200.15,36317256.0,30729466.0,46056424.0,1.0,56.08,-0.21116935324951713,,,,,,,50.0,48.98419864559819,23.214285714285708,50.0,50.0,2.336448598130841,37.42248882633579
2026-02-23,AMD,196.6,28187909.718457,30729466.0,46056424.0,1.0,53.42,-0.2429143561306224,,,,,,,50.0,48.873873873873876,32.29398663697104,50.0,50.0,1.3986013986013985,38.76107698490772
2026-02-24,AMD,213.84,81367020.324631,30729466.0,46056424.0,1.0,59.94,-0.14909872269308821,,,,,,,50.0,48.764044943820224,11.777777777777771,50.0,50.0,9.069767441860465,36.60193169390975
2026-02-25,AMD,210.86,44588059.166633,30729466.0,46056424.0,1.0,55.69,-0.1633535690195611,,,,,,,50.0,48.65470852017937,23.7250554323725,50.0,50.0,6.496519721577727,38.146047279021595
2026-02-26,AMD,203.68,35020472.560044,30729466.0,46056424.0,1.0,44.54,-0.19411252670728807,,,,,,,50.0,48.54586129753915,67.9203539823009,50.0,50.0,3.7037037037037037,45.028319830590625
2026-02-27,AMD,200.21,31312396.204817,34593125.0,33959015.0,1.02,37.58,-0.20608295661828846,,,,,,,50.0,48.4375,88.96247240618102,50.0,50.0,2.771362586605081,48.361889165464355
2026-03-02,AMD,198.62,34120155.15872,34593125.0,33959015.0,1.02,42.14,-0.1609850884974443,,,,,,,50.0,48.329621380846326,75.1101321585903,50.0,50.0,7.142857142857143,46.76376844704897
2026-03-03,AMD,190.95,37785697.404247,34593125.0,33959015.0,1.02,39.98,-0.22463150200998916,,,,,,,50.0,48.22222222222222,82.19780219780219,50.0,50.0,2.2988505747126435,47.119812499122844
2026-03-04,AMD,202.07,40912561.303189,34593125.0,33959015.0,1.02,42.25,-0.16537937301226724,,,,,,,50.0,48.11529933481153,74.12280701754386,50.0,50.0,7.110091743119266,46.55803301591245
2026-03-05,AMD,199.45,36000660.206858,34593125.0,33959015.0,1.02,47.16,-0.0036964883360807166,,,,,,,50.0,48.008849557522126,56.455142231947484,50.0,50.0,51.48741418764302,50.99190099618544
2026-03-06,AMD,192.43,33913779.568944,34593125.0,33959015.0,1.02,49.35,-0.0003636363636363438,,,,,,,50.0,47.90286975717439,46.943231441048034,50.0,50.0,52.51141552511415,49.5595861205561
2026-03-09,AMD,202.68,38877220.685947,34593125.0,33959015.0,1.02,44.47,-0.02763385146804831,,,,,,,50.0,47.797356828193834,67.97385620915033,50.0,50.0,46.924829157175395,52.11600703241993
2026-03-10,AMD,203.23,29139162.430908,34593125.0,33959015.0,1.02,50.31,-0.059120370370370434,,,,,,,50.0,47.69230769230769,43.26086956521739,50.0,50.0,37.5,46.40886287625418
2026-03-11,AMD,204.83,23076366.294114,34593125.0,33959015.0,1.02,38.11,-0.04092335065786379,,,,,,,50.0,47.58771929824562,87.85249457700651,50.0,50.0,42.857142857142854,54.71622612206583
2026-03-12,AMD,197.74,28886913.993474,34593125.0,33959015.0,1.02,51.59,-0.07416424758872553,,,,,,,50.0,47.4835886214442,38.52813852813853,50.0,50.0,32.35294117647059,44.72744472100889
2026-03-13,AMD,193.39,27561888.998741,32346203.0,32585886.0,1.0,43.84,-0.06094007963484516,,,,,,,50.0,49.56331877729258,70.19438444924407,50.0,50.0,37.020316027088036,51.129669875604115
2026-03-16,AMD,196.58,30285170.76041,32346203.0,32585886.0,1.0,39.15,-0.05180397453212415,,,,,,,50.0,49.45533769063181,85.12931034482759,50.0,50.0,40.54054054054054,54.18753142933332
2026-03-17,AMD,196.31,22777342.391599,32346203.0,32585886.0,1.0,46.32,-0.033336616111877104,,,,,,,50.0,49.34782608695652,61.72043010752688,50.0,50.0,46.06741573033708,51.18927865413675
2026-03-18,AMD,199.46,28569135.540925,32346203.0,32585886.0,1.0,44.17,-0.003298021187287614,,,,,,,50.0,49.240780911062906,68.88412017167383,50.0,50.0,52.24215246636771,53.39450892485075
2026-03-19,AMD,205.27,32245329.425699,32346203.0,32585886.0,1.0,50.01,0.009342577567979626,,,,,,,50.0,49.134199134199136,44.11134903640257,50.0,50.0,56.375838926174495,49.936897849462696
2026-03-20,AMD,201.33,37294902.43766,32346203.0,32585886.0,1.0,48.17,0.005895578316262862,,,,,,,50.0,49.0280777537797,51.92307692307692,50.0,50.0,54.6875,50.9397757794761
2026-03-23,AMD,202.68,31857752.483554,32346203.0,32585886.0,1.0,41.6,0.030925737538148645,,,,,,,50.0,48.922413793103445,76.97228144989339,50.0,50.0,60.801781737193764,56.11607949669843
2026-03-24,AMD,205.37,27258849.549062,32346203.0,32585886.0,1.0,46.9,-0.039609053497942415,,,,,,,50.0,48.81720430107527,57.4468085106383,50.0,50.0,43.333333333333336,49.932891024174474
2026-03-25,AMD,220.27,48518269.043366,32346203.0,32585886.0,1.0,42.62,0.04462676657497866,,,,,,,50.0,48.712446351931334,73.2484076433121,50.0,50.0,63.41463414634146,55.895914690264156
2026-03-26,AMD,203.77,49212976.926409,32346203.0,32585886.0,1.0,41.44,0.000441869599371536,,,,,,,50.0,48.60813704496788,77.75423728813558,50.0,50.0,53.53982300884956,54.98369955699218
2026-03-27,AMD,201.99,29206578.500528,32346203.0,32585886.0,1.0,50.73,0.008890664801957993,,,,,,,50.0,48.504273504273506,40.80338266384778,50.0,50.0,56.07064017660044,49.22971605745362
2026-03-30,AMD,196.04,41053298.650307,32346203.0,32585886.0,1.0,51.32,-0.012989628436209877,,,,,,,50.0,48.40085287846482,38.607594936708864,50.0,50.0,50.0,47.83474130252895
2026-03-31,AMD,203.43,42318748.819834,36423215.0,34661922.0,1.05,55.66,0.06535742340926953,,,,,,,50.0,44.04255319148936,22.736842105263165,50.0,50.0,67.6923076923077,47.4119504981767
2026-04-01,AMD,210.21,40835794.362274,36423215.0,34661922.0,1.05,62.82,0.04028307022319,,,,,,,50.0,43.94904458598726,2.52100840336135,50.0,50.0,62.280701754385966,43.12512579062243
2026-04-02,AMD,217.5,38463484.242586,36423215.0,34661922.0,1.05,72.7,0.09049887189771888,,,,,,,50.0,43.855932203389834,0.0,50.0,50.0,72.4288840262582,44.380802704941345
2026-04-06,AMD,220.18,30786420.343675,36423215.0,34661922.0,1.05,56.77,0.1442082835316738,,,,,,,50.0,43.76321353065539,20.5020920502092,50.0,50.0,79.03930131004367,48.88410114848472
2026-04-07,AMD,221.53,26483009.624829,36423215.0,34661922.0,1.05,55.06,0.09300374975330561,,,,,,,50.0,43.67088607594937,25.67849686847599,50.0,50.0,72.54901960784314,48.64973375871142
2026-04-08,AMD,231.82,35496362.753252,36423215.0,34661922.0,1.05,56.16,0.14067804950056595,,,,,,,50.0,43.578947368421055,22.29166666666667,50.0,50.0,78.26086956521739,49.021913933384184
2026-04-09,AMD,236.64,27320007.261169,36423215.0,34661922.0,1.05,58.98,0.1552995166723623,,,,,,,50.0,43.48739495798319,13.929313929313935,50.0,50.0,81.12798264642082,48.09078192228632
2026-04-10,AMD,245.04,36447009.804865,36423215.0,34661922.0,1.05,51.76,0.23920299383028198,,,,,,,50.0,43.39622641509434,37.96680497925311,50.0,50.0,90.9090909090909,53.712020383906385
2026-04-13,AMD,246.83,22702353.896168,36423215.0,34661922.0,1.05,61.45,0.27633279900718777,,,,,,,50.0,43.30543933054393,7.246376811594203,50.0,50.0,93.73650107991361,49.04805287034196
2026-04-14,AMD,255.07,25733227.733815,36423215.0,34661922.0,1.05,62.25,0.29753789805677067,,,,,,,50.0,43.21503131524008,4.338842975206617,50.0,50.0,94.18103448275862,48.62248479553421
2026-04-15,AMD,258.12,24695184.364489,35648460.0,30574745.0,1.17,61.37,0.3148591513422647,,,,,,,50.0,35.20833333333333,7.628865979381445,50.0,50.0,94.6236559139785,47.910142537782214
2026-04-16,AMD,278.26,64850772.184417,35648460.0,30574745.0,1.17,63.25,0.39506668003609735,,,,,,,50.0,35.13513513513513,2.2633744855967137,50.0,50.0,96.78111587982832,47.36327091676003
2026-04-17,AMD,278.39,35519852.531892,35648460.0,30574745.0,1.17,58.7,0.3562137672333998,,,,,,,50.0,35.06224066390041,15.605749486652982,50.0,50.0,96.14561027837259,49.468933404821
2026-04-20,AMD,274.95,34829029.325348,35648460.0,30574745.0,1.17,52.08,0.36566830576665166,,,,,,,50.0,34.9896480331263,36.885245901639344,50.0,50.0,96.58119658119658,53.0760150859937
2026-04-21,AMD,284.49,38942773.162151,35648460.0,30574745.0,1.17,58.98,0.40364120781527535,,,,,,,50.0,34.917355371900825,14.519427402862988,50.0,50.0,96.80170575692964,49.3730814219489
2026-04-22,AMD,303.46,49054237.050004,35648460.0,30574745.0,1.17,53.58,0.47762574864878005,,,,,,,50.0,34.84536082474227,32.244897959183675,50.0,50.0,97.44680851063829,52.42284454909404
2026-04-23,AMD,305.33,45619726.712796,35648460.0,30574745.0,1.17,64.03,0.386162437009125,,,,,,,50.0,34.773662551440324,1.8329938900203615,50.0,50.0,96.17834394904459,47.13083339841754
2026-04-24,AMD,347.81,81551299.75917,35648460.0,30574745.0,1.17,59.54,0.7068753987338665,,,,,,,50.0,34.70225872689939,13.211382113821145,50.0,50.0,100.0,49.65227347345342
2026-04-27,AMD,334.63,50199981.371407,35648460.0,30574745.0,1.17,61.94,0.656666171592653,,,,,,,50.0,34.631147540983605,5.679513184584181,50.0,50.0,99.78858350951374,48.34987403918026
2026-04-28,AMD,323.21,43002452.413972,35648460.0,30574745.0,1.17,52.42,0.6486941440522342,,,,,,,50.0,34.56032719836401,36.23481781376518,50.0,50.0,99.57805907172995,53.39553401397652
2026-04-29,AMD,337.11,44046054.581686,35648460.0,30574745.0,1.17,51.34,0.6571302167821855,,,,,,,50.0,34.48979591836735,41.01010101010101,50.0,50.0,99.78947368421052,54.214895102113154
2026-04-30,AMD,354.49,42115058.329052,35648460.0,30574745.0,1.17,55.04,0.6863612577898293,,,,,,,50.0,34.419551934826885,27.41935483870968,50.0,50.0,99.78991596638656,51.93813712332052
2026-05-01,AMD,360.54,34279169.153386,35648460.0,30574745.0,1.17,58.27,0.6576551724137931,,,,,,,50.0,34.349593495934954,18.309859154929583,50.0,50.0,99.58071278825996,50.37336090652075
2026-05-04,AMD,341.54,41995736.052503,35648460.0,30574745.0,1.17,50.07,0.5511853937687348,,,,,,,50.0,34.27991886409737,45.98393574297189,50.0,50.0,97.69874476987448,54.66043322949062
2026-05-05,AMD,355.26,64235117.358754,35648460.0,30574745.0,1.17,51.83,0.6036654177763734,,,,,,,50.0,34.21052631578948,39.278557114228455,50.0,50.0,98.32985386221294,53.63648954870515
2026-05-06,AMD,421.39,87718171.098896,35648460.0,30574745.0,1.17,49.8,0.8177465274782159,,,,,,,50.0,34.141414141414145,47.8,50.0,50.0,100.0,55.32356902356903
2026-05-07,AMD,408.46,44935319.56336,35648460.0,30574745.0,1.17,60.13,0.7260818120351589,,,,,,,50.0,34.072580645161295,11.976047904191617,50.0,50.0,99.79209979209979,49.30678805690878
2026-05-08,AMD,445.085,36643538.815869,35648460.0,30574745.0,1.17,,0.8163769180541951,645309.0,409360.0,0.6343627626454923,1740830.0,1852504.0,1.064149859549755,50.0,34.00402414486922,50.0,0.0,0.0,99.79253112033194,38.966092544200194
