date,ticker,total_volume,short_volume,short_volume_ratio,carteret_pct_of_short,nyse_short_volume,nasdaq_carteret_short_volume,nasdaq_chicago_short_volume,adf_short_volume,exempt_volume,svr_sma20,svr_zscore60
2025-07-17,SLV,6100045.0,4177975.0,68.49,95.8841,131300,4006013,40662,0,443.0,,
2025-07-18,SLV,6524891.0,4411124.0,67.6,95.3024,167567,4203907,39650,0,4885.0,,
2025-07-21,SLV,9847457.0,6129825.0,62.25,95.7,185225,5866244,78356,0,538.0,,
2025-07-22,SLV,9136106.0,4234629.0,46.35,94.9435,139435,4020504,74690,0,1054.0,,
2025-07-23,SLV,7373712.0,4133551.0,56.06,93.8242,192986,3878271,62294,0,1337.0,60.15,
2025-07-24,SLV,4043148.0,2076851.0,51.37,96.2466,44659,1998898,33294,0,0,58.6867,
2025-07-25,SLV,8549600.0,3212723.0,37.58,93.962,132559,3018740,61424,0,6113.0,55.6714,
2025-07-28,SLV,5041682.0,1959547.0,38.87,95.4755,58229,1870887,30431,0,1461.0,53.5712,
2025-07-29,SLV,3398457.0,1336650.0,39.33,94.7153,41233,1266012,29405,0,201.0,51.9889,
2025-07-30,SLV,9036035.0,3707774.0,41.03,90.3385,319432,3349549,38793,0,47408.0,50.893,
2025-07-31,SLV,5037882.0,1802290.0,35.77,90.4043,100163,1629347,72780,0,45458.0,49.5182,
2025-08-01,SLV,4504358.0,2161871.0,48.0,95.7712,53309,2070450,38112,0,3888.0,49.3917,
2025-08-04,SLV,3706411.0,1870461.0,50.47,93.7843,61545,1754198,54718,0,37368.0,49.4746,
2025-08-05,SLV,5762055.0,3765386.0,65.35,95.9691,99629,3613607,52150,0,258.0,50.6086,
2025-08-06,SLV,2690524.0,1419411.0,52.76,86.8103,49655,1232195,137561,0,195.0,50.752,
2025-08-07,SLV,5222257.0,2780800.0,53.25,95.5577,71174,2657268,52358,0,1502.0,50.9081,
2025-08-08,SLV,3704411.0,1812819.0,48.94,94.8009,60801,1718568,33450,0,3234.0,50.7924,
2025-08-11,SLV,4270541.0,1979648.0,46.36,95.3949,41722,1888484,49442,0,2692.0,50.5461,
2025-08-12,SLV,4922483.0,2115913.0,42.98,90.0267,157953,1904886,53074,0,659.0,50.1479,
2025-08-13,SLV,5335293.0,2649884.0,49.67,94.9279,92688,2515478,41718,0,2697.0,50.124,-0.0472
2025-08-14,SLV,7348127.0,2961193.0,40.3,92.3115,194680,2733522,32991,0,462.0,48.7145,-0.9729
2025-08-15,SLV,4280197.0,2388589.0,55.81,88.8738,244999,2122831,20759,0,6.0,48.125,0.6195
2025-08-18,SLV,4605276.0,2791678.0,60.62,83.7508,413080,2338053,40545,0,5253.0,48.0435,1.0728
2025-08-19,SLV,8310800.0,4974506.0,59.86,69.3504,1487569,3449839,37098,0,10435.0,48.719,0.9527
2025-08-20,SLV,4501532.0,2630721.0,58.44,87.7466,280513,2308369,41839,0,1669.0,48.838,0.7773
2025-08-21,SLV,5141492.0,2817873.0,54.81,94.9169,116271,2674637,26965,0,0,49.01,0.3841
2025-08-22,SLV,8052794.0,4227540.0,52.5,96.472,100884,4078393,48263,0,9479.0,49.756,0.1328
2025-08-25,SLV,4961720.0,2927484.0,59.0,85.4088,385395,2500329,41760,0,2503.0,50.7625,0.8201
2025-08-26,SLV,6061388.0,3796190.0,62.63,83.1136,573276,3155150,67764,0,10700.0,51.9275,1.1696
2025-08-27,SLV,3907473.0,2237495.0,57.26,96.2488,46533,2153561,37401,0,2586.0,52.739,0.5687
2025-08-28,SLV,7261804.0,5018473.0,69.11,89.7009,473984,4501613,42876,0,5351.0,54.406,1.753
2025-08-29,SLV,9370050.0,5061210.0,54.01,94.2172,187459,4768528,105223,0,0,54.7065,0.1404
2025-09-02,SLV,13293890.0,10060829.0,75.68,96.4352,250536,9702182,108111,0,300.0,55.967,2.2479
2025-09-03,SLV,9095543.0,6150808.0,67.62,95.3389,190131,5864112,96565,0,1.0,56.0805,1.3722
2025-09-04,SLV,14033278.0,8660326.0,61.71,96.4755,248079,8355093,57154,0,43528.0,56.528,0.7662
2025-09-05,SLV,8615038.0,5692810.0,66.08,96.3055,166400,5482488,43922,0,30238.0,57.1695,1.1635
2025-09-08,SLV,10783323.0,5744606.0,53.27,76.3781,1305796,4387621,51189,0,2350.0,57.386,-0.1096
2025-09-09,SLV,8990867.0,4233080.0,47.08,93.3156,202024,3950123,80933,0,7396.0,57.422,-0.7191
2025-09-10,SLV,7990432.0,4199667.0,52.56,96.6296,97996,4058120,43551,0,5934.0,57.901,-0.1607
2025-09-11,SLV,8652743.0,4871498.0,56.3,95.2852,118280,4641815,111403,0,1336.0,58.2325,0.2207
2025-09-12,SLV,7534044.0,4643539.0,61.63,96.31,99245,4472193,72101,0,8.0,59.299,0.7601
2025-09-15,SLV,10903484.0,6677599.0,61.24,93.647,325573,6253372,98654,0,0,59.5705,0.7064
2025-09-16,SLV,10776515.0,5594169.0,51.91,95.036,192828,5316474,84867,0,11746.0,59.135,-0.2715
2025-09-17,SLV,9645100.0,4558393.0,47.26,96.6758,86443,4406862,65088,0,7286.0,58.505,-0.7522
2025-09-18,SLV,6936081.0,3927611.0,56.63,96.9449,73059,3807620,46932,0,17758.0,58.4145,0.2461
2025-09-19,SLV,14949794.0,9806130.0,65.59,95.142,364054,9329748,112328,0,965.0,58.9535,1.1816
2025-09-22,SLV,14964455.0,10708428.0,71.56,96.0415,315542,10284535,108351,0,5845.0,59.9065,1.7431
2025-09-23,SLV,14279424.0,8901087.0,62.34,96.2481,196082,8567126,137879,0,15516.0,60.0735,0.7623
2025-09-24,SLV,17882762.0,9903549.0,55.38,95.0747,391467,9415767,96315,0,7377.0,59.711,0.0282
2025-09-25,SLV,16909818.0,11189126.0,66.17,96.6353,260210,10812641,116275,0,15555.0,60.1565,1.1499
2025-09-26,SLV,18775913.0,12443459.0,66.27,94.3956,554812,11746083,142564,0,10070.0,60.0145,1.1342
2025-09-29,SLV,20438500.0,14127124.0,69.12,96.4457,363328,13625002,138794,0,1022.0,60.77,1.3945
2025-09-30,SLV,17114674.0,11066600.0,64.66,96.2449,315739,10651035,99826,0,20063.0,60.219,0.911
2025-10-01,SLV,20847744.0,11477900.0,55.06,92.0428,787407,10564575,125918,0,16051.0,59.591,-0.0955
2025-10-02,SLV,22246255.0,12813209.0,57.6,93.6479,680724,11999298,133187,0,71951.0,59.3855,0.1719
2025-10-03,SLV,20403506.0,13619910.0,66.75,95.3246,543694,12983123,93093,0,15381.0,59.419,1.1262
2025-10-06,SLV,17463416.0,12284479.0,70.34,95.0403,511622,11675207,97650,0,8108.0,60.2725,1.4665
2025-10-07,SLV,18777105.0,11770312.0,62.68,95.655,447835,11258891,63586,0,20222.0,61.0525,0.6507
2025-10-08,SLV,29392774.0,19598421.0,66.68,91.3639,1541427,17905879,151115,0,47273.0,61.7585,1.0552
2025-10-09,SLV,37722586.0,24353807.0,64.56,86.3638,3190978,21032865,129964,0,174954.0,62.1715,0.8191
2025-10-10,SLV,21766802.0,15331809.0,70.44,95.3405,584903,14617426,129480,0,57135.0,62.612,1.4331
2025-10-13,SLV,23871282.0,16490308.0,69.08,92.4005,1176241,15237119,76948,0,8183.0,63.004,1.2828
2025-10-14,SLV,21559022.0,14417621.0,66.88,85.547,2001996,12333836,81789,0,49434.0,63.7525,1.0362
2025-10-15,SLV,16901633.0,11171955.0,66.1,94.7691,409936,10587559,174460,0,4715.0,64.6945,0.9232
2025-10-16,SLV,20423342.0,13474622.0,65.98,95.6594,485881,12889737,99004,0,13089.0,65.162,0.8874
2025-10-17,SLV,37070266.0,15478711.0,41.76,83.4977,2446822,12924369,107520,0,410230.0,63.9705,-1.5922
2025-10-20,SLV,8229066.0,4358449.0,52.96,94.4734,186627,4117573,54249,0,12108.0,63.0405,-0.488
2025-10-21,SLV,36128940.0,18712235.0,51.79,85.8368,2323755,16061987,326493,0,397554.0,62.513,-0.6545
2025-10-22,SLV,16824689.0,8628500.0,51.28,87.7457,892955,7571136,164409,0,93901.0,62.308,-0.7549
2025-10-23,SLV,10717762.0,6362443.0,59.36,92.2159,378783,5867186,116474,0,13282.0,61.9675,0.1247
2025-10-24,SLV,10370367.0,5334070.0,51.44,90.1064,430685,4806341,97044,0,15990.0,61.226,-0.8734
2025-10-27,SLV,17561729.0,7351315.0,41.86,91.824,431017,6750269,170029,0,143584.0,59.863,-1.9965
2025-10-28,SLV,13617509.0,8332881.0,61.19,85.9071,1091195,7158540,83146,0,18932.0,59.6895,0.3109
2025-10-29,SLV,9467809.0,5522301.0,58.33,91.0138,368943,5026058,127300,0,15152.0,59.853,-0.0217
2025-10-30,SLV,17530487.0,10731961.0,61.22,93.3652,606243,10019922,105796,0,11300.0,60.034,0.3145
2025-10-31,SLV,10220433.0,6269730.0,61.35,87.7613,668462,5502395,98873,0,14545.0,59.764,0.3147
2025-11-03,SLV,7598828.0,4042583.0,53.2,94.3318,182005,3813442,47136,0,30741.0,58.907,-0.6995
2025-11-04,SLV,15084306.0,9116134.0,60.43,58.6471,3687482,5346344,82308,0,13096.0,58.7945,0.1692
2025-11-05,SLV,5901298.0,3437988.0,58.26,76.5615,754297,2632176,51515,0,7440.0,58.3735,-0.1419
2025-11-06,SLV,6511833.0,3801792.0,58.38,95.7957,78539,3641955,81298,0,5159.0,58.0645,-0.1472
2025-11-07,SLV,6602880.0,3882020.0,58.79,95.8647,97801,3721488,62731,0,26802.0,57.482,-0.1417
2025-11-10,SLV,8592237.0,5942242.0,69.16,93.3327,272649,5546057,123536,0,2439.0,57.486,1.2709
2025-11-11,SLV,8011519.0,5538728.0,69.13,93.9228,228937,5202130,107661,0,33181.0,57.5985,1.231
2025-11-12,SLV,17845004.0,12038608.0,67.46,93.2669,577879,11228039,232690,0,28160.0,57.6665,0.9764
2025-11-13,SLV,14134490.0,8875152.0,62.79,92.9849,490011,8252555,132586,0,84826.0,57.507,0.3306
2025-11-14,SLV,10944817.0,5541090.0,50.63,94.2257,175418,5221129,144543,0,33061.0,57.9505,-1.3022
2025-11-17,SLV,7937037.0,4926171.0,62.07,89.4026,402146,4404124,119901,0,8232.0,58.406,0.2202
2025-11-18,SLV,8757135.0,5568170.0,63.58,78.3134,1104701,4360621,102848,0,4266.0,58.9955,0.4147
2025-11-19,SLV,10365281.0,6435759.0,62.09,88.9228,605921,5722857,106981,0,9229.0,59.536,0.2136
2025-11-20,SLV,7885616.0,5225356.0,66.26,87.2555,583503,4559410,82443,0,4288.0,59.881,0.7574
2025-11-21,SLV,7026047.0,4041353.0,57.52,96.1705,95396,3886590,59367,0,10981.0,60.185,-0.4042
2025-11-24,SLV,6323627.0,4276718.0,67.63,96.9089,65871,4144519,66328,0,256.0,61.4735,0.9467
2025-11-25,SLV,6591306.0,4136093.0,62.75,95.9939,88787,3970397,76909,0,2438.0,61.5515,0.3206
2025-11-26,SLV,9813708.0,6644419.0,67.71,95.2182,244850,6326699,72870,0,7281.0,62.0205,1.0228
2025-11-28,SLV,14238781.0,10027963.0,70.43,93.8282,388348,9409056,230559,0,8652.0,62.481,1.3657
2025-12-01,SLV,24337312.0,17647322.0,72.51,91.8873,1178230,16215641,253451,0,17002.0,63.039,1.6121
2025-12-02,SLV,16136591.0,11570426.0,71.7,92.1258,757146,10659353,153927,0,14692.0,63.964,1.4459
2025-12-03,SLV,11289441.0,7607503.0,67.39,92.5771,485838,7042802,78863,0,9707.0,64.312,0.8359
2025-12-04,SLV,15286616.0,9027410.0,59.05,93.4888,487568,8439619,100223,0,37201.0,64.3515,-0.3445
2025-12-05,SLV,15352586.0,9094396.0,59.24,87.3998,976114,7948480,169802,0,859.0,64.3945,-0.3258
2025-12-08,SLV,7670511.0,5054754.0,65.9,94.3531,201052,4769317,84385,0,4553.0,64.75,0.6042
2025-12-09,SLV,20918224.0,13648238.0,65.25,90.0808,1172118,12294437,181683,0,26305.0,64.5545,0.5021
2025-12-10,SLV,17729737.0,11483041.0,64.77,92.3261,736140,10601843,145058,0,9353.0,64.3365,0.4104
2025-12-11,SLV,21317635.0,13590795.0,63.75,89.1243,1303963,12112695,174137,0,28888.0,64.151,0.2343
2025-12-12,SLV,25444604.0,14058094.0,55.25,94.1495,613312,13235622,209160,0,50654.0,63.774,-1.0199
2025-12-15,SLV,15428977.0,10993796.0,71.25,81.5582,1855132,8966346,172318,0,19872.0,64.805,1.3152
2025-12-16,SLV,9688517.0,6177603.0,63.76,93.2669,298490,5761660,117453,0,2106.0,64.8895,0.2444
2025-12-17,SLV,21052805.0,13945230.0,66.24,91.207,1027062,12719020,199148,0,15197.0,65.0225,0.6006
2025-12-18,SLV,15232871.0,8941118.0,58.7,93.8655,410645,8392623,137850,0,11580.0,64.853,-0.5254
2025-12-19,SLV,13247756.0,8696572.0,65.65,93.3567,402611,8118835,175126,0,12578.0,64.8225,0.51
2025-12-22,SLV,18622377.0,9955624.0,53.46,95.0933,335820,9467134,152670,0,10204.0,64.6195,-1.2594
2025-12-23,SLV,23399593.0,14496600.0,61.95,93.6412,698018,13574797,223785,0,16207.0,64.3355,0.0088
2025-12-24,SLV,20519432.0,12893687.0,62.84,94.3196,549609,12161269,182809,0,32298.0,64.34,0.1458
2025-12-26,SLV,47917329.0,29139365.0,60.81,92.2665,1669099,26885858,584408,0,92592.0,63.995,-0.1721
2025-12-29,SLV,60418264.0,34886356.0,57.74,92.9825,2034613,32438197,413546,0,3154360.0,63.3605,-0.6335
2025-12-30,SLV,44980100.0,25711211.0,57.16,90.9828,2074184,23392770,244257,0,3811037.0,62.593,-0.6968
2025-12-31,SLV,45111588.0,28928183.0,64.13,92.8912,1660378,26871744,396061,0,92076.0,62.2145,0.3705
2026-01-02,SLV,28411306.0,12506612.0,44.02,92.8651,716783,11614273,175556,0,120398.0,61.046,-2.4992
2026-01-05,SLV,34045521.0,14585651.0,42.84,93.0667,780098,13574383,231170,0,133018.0,60.2355,-2.4838
2026-01-06,SLV,34521132.0,17944129.0,51.98,92.5161,1104319,16601205,238605,0,46509.0,59.8725,-1.1919
2026-01-07,SLV,33483499.0,23262256.0,69.47,89.4358,2213337,20804789,244130,0,81256.0,60.051,1.1832
2026-01-08,SLV,26069097.0,16145554.0,61.93,92.0937,1044773,14869036,231745,0,72787.0,59.885,0.1769
2026-01-09,SLV,29797303.0,17750020.0,59.57,89.347,1643823,15859118,247079,0,71694.0,59.625,-0.1313
2026-01-12,SLV,33766903.0,14766998.0,43.73,90.5808,1082412,13376072,308514,0,43183.0,58.624,-2.1855
2026-01-13,SLV,49814025.0,20100727.0,40.35,90.541,1589047,18199409,312271,0,87187.0,57.879,-2.4558
2026-01-14,SLV,57969054.0,29307720.0,50.56,90.1118,2455093,26409703,442924,0,95435.0,56.8445,-1.2198
2026-01-15,SLV,53685103.0,29044298.0,54.1,91.1695,2135359,26479533,429406,0,120391.0,56.3615,-0.7599
2026-01-16,SLV,46583519.0,26225275.0,56.3,92.6672,1619479,24302225,303571,0,78321.0,55.8645,-0.4845
2026-01-20,SLV,33291450.0,17343902.0,52.1,92.8878,1039267,16110361,194274,0,39279.0,55.5345,-1.0443
2026-01-21,SLV,45094846.0,22939266.0,50.87,91.5002,1746559,20989478,203229,0,145747.0,54.7955,-1.1747
2026-01-22,SLV,31129495.0,17087415.0,54.89,90.2718,1401726,15425116,260573,0,53850.0,54.867,-0.6598
2026-01-23,SLV,49250716.0,26169527.0,53.14,86.5102,3134625,22639314,395588,0,49552.0,54.4265,-0.9553
2026-01-26,SLV,149563029.0,78933790.0,52.78,89.0347,7190720,70278486,1464584,0,695878.0,53.9235,-0.9778
2026-01-27,SLV,86059849.0,41493060.0,48.21,93.0492,2182997,38608978,701085,0,409038.0,53.2935,-1.5472
2026-01-28,SLV,72696288.0,37484549.0,51.56,90.2308,3121619,33822624,540306,0,359394.0,52.9845,-1.0672
2026-01-29,SLV,99489405.0,57603994.0,57.9,93.9118,2565759,54096945,941290,0,227858.0,53.0215,-0.2189
2026-01-30,SLV,189261728.0,109078871.0,57.63,95.5118,3145701,104183160,1750010,0,15871111.0,52.6965,-0.266
2026-02-02,SLV,83073386.0,20605804.0,24.8,91.296,1321542,18812279,471983,0,4052796.0,51.7355,-3.9237
2026-02-03,SLV,59027356.0,20405709.0,34.57,92.1368,1064105,18801175,540429,0,194278.0,51.322,-2.5964
2026-02-04,SLV,44900199.0,14632337.0,32.59,93.6208,358235,13698911,575191,0,181527.0,50.3525,-2.6004
2026-02-05,SLV,50603346.0,19166244.0,37.88,91.1967,1204026,17478976,483242,0,2635511.0,48.773,-1.9609
2026-02-06,SLV,29690334.0,12470592.0,42.0,86.0091,1587677,10725841,157074,0,1668155.0,47.7765,-1.4987
2026-02-09,SLV,31119838.0,14883849.0,47.83,95.4655,330103,14208943,344803,0,112926.0,47.1895,-0.9008
2026-02-10,SLV,28990972.0,13235537.0,45.65,96.0678,256858,12715086,263593,0,80716.0,47.2855,-1.0771
2026-02-11,SLV,23619983.0,7979842.0,33.78,92.9759,367358,7419332,193152,0,112971.0,46.957,-2.1105
2026-02-12,SLV,49955368.0,17664061.0,35.36,95.1137,436788,16800950,426323,0,1882017.0,46.197,-1.8831
2026-02-13,SLV,24387690.0,5691838.0,23.34,93.4069,197327,5316570,177941,0,1332647.0,44.659,-2.7386
2026-02-17,SLV,27966022.0,9195894.0,32.88,84.3147,1173130,7753490,269274,0,104018.0,43.488,-1.8311
2026-02-18,SLV,20689208.0,7393630.0,35.74,94.1296,254766,6959593,179271,0,134021.0,42.67,-1.5291
2026-02-19,SLV,15145021.0,6599771.0,43.58,95.799,159282,6322516,117973,0,37364.0,42.3055,-0.8556
2026-02-20,SLV,33681513.0,17218661.0,51.12,94.6417,710999,16296031,211631,0,138291.0,42.117,-0.2262
2026-02-23,SLV,34570511.4,17213474.85,49.79,90.9708,1404588,15659242,149644,0,121508.0,41.9495,-0.3144
2026-02-24,SLV,20902391.58,8643872.34,41.35,94.0201,409588,8126974,107310,0,100764.0,41.378,-0.9835
2026-02-25,SLV,21064590.88,7307096.95,34.69,96.1024,194617,7022295,90184,0,54820.0,40.702,-1.4803
2026-02-26,SLV,18056341.93,5548333.53,30.73,85.6023,715637,4749503,83193,0,80598.0,39.6605,-1.7384
2026-02-27,SLV,24635612.58,8045669.73,32.66,92.9199,444824,7476030,124815,0,69490.0,38.3985,-1.5326
2026-03-02,SLV,33775190.62,15403823.31,45.61,96.5135,139063,14866762,397998,0,95612.0,37.7975,-0.4442
2026-03-03,SLV,28929193.56,8950080.49,30.94,97.4338,78979,8720407,150694,0,1582666.0,38.1045,-1.6146
2026-03-04,SLV,14210319.79,4049169.76,28.49,97.184,35271,3935146,78752,0,689218.1,37.8005,-1.7382
2026-03-05,SLV,15094276.73,6036580.75,39.99,95.0819,208026,5739698,88856,0,25831.0,38.1705,-0.7734
2026-03-06,SLV,12561717.7,3701758.45,29.47,95.4316,104357,3532649,64752,0,97775.0,37.75,-1.5731
2026-03-09,SLV,11240056.86,3201303.42,28.48,91.8085,170119,2939068,92116,0,42323.0,37.074,-1.5929
2026-03-10,SLV,12437403.36,3569599.31,28.7,95.2506,67281,3400066,102251,0,94906.0,36.1175,-1.5196
2026-03-11,SLV,10357182.48,4153004.3,40.1,97.3356,57383,4042350,53271,0,64647.0,35.84,-0.5801
2026-03-12,SLV,10122347.81,3492508.33,34.5,96.5713,39322,3372760,80426,0,22911.0,35.876,-1.0015
2026-03-13,SLV,18635521.39,5708633.77,30.63,86.5333,653077,4939872,115684,0,82484.0,35.6395,-1.2843
2026-03-16,SLV,12697105.97,5219458.09,41.11,94.6585,193758,4940661,85039,0,54033.0,36.528,-0.3968
2026-03-17,SLV,11523114.33,3755318.29,32.59,94.0271,160873,3531018,63427,0,26948.0,36.5135,-1.0796
2026-03-18,SLV,14936975.92,5631621.82,37.7,94.5463,155071,5324488,152062,0,60324.0,36.6115,-0.6203
2026-03-19,SLV,34647522.72,14945285.18,43.14,92.7928,802794,13868148,274343,0,1592042.64585,36.5895,-0.1254
2026-03-20,SLV,22478578.39,11193241.17,49.8,91.5007,796442,10241895,154903,0,1722723.05887,36.5235,0.4681
2026-03-23,SLV,19196890.45,7489807.99,39.02,95.4818,168958,7151403,169446,0,63701.0,35.985,-0.4592
2026-03-24,SLV,14645048.36,6620735.36,45.21,95.5266,184172,6324565,111998,0,32028.0,36.178,0.1277
2026-03-25,SLV,13019440.05,4369338.2,33.56,89.5501,348403,3912746,108189,0,36123.0,36.1215,-0.9182
2026-03-26,SLV,17135607.98,8283925.77,48.34,96.6617,145637,8007387,130901,0,115068.0,37.002,0.4861
2026-03-27,SLV,18583530.52,7331488.98,39.45,91.8771,422302,6735957,173229,0,92381.0,37.3415,-0.3339
2026-03-30,SLV,10606158.66,5192630.2,48.96,96.827,71314,5027868,93447,0,61319.0,37.509,0.6258
2026-03-31,SLV,14936069.75,6657476.3,44.57,95.9014,157152,6384611,115713,0,84648.0,38.1905,0.1883
2026-04-01,SLV,13646030.8,6526025.89,47.82,96.2352,119341,6280334,126350,0,25903.0,39.157,0.5021
2026-04-02,SLV,13925566.02,7808192.19,56.07,96.2774,180369,7517521,110302,0,23821.0,39.961,1.3042
2026-04-06,SLV,7373767.54,3477526.48,47.16,96.0457,82342,3340013,55171,0,46368.0,40.8455,0.4919
2026-04-07,SLV,10268323.66,5389386.22,52.49,95.7463,160932,5160139,68315,0,31701.0,42.046,1.094
2026-04-08,SLV,11252819.47,4637761.05,41.21,92.0996,278611,4271361,87789,0,36787.0,42.6715,-0.0866
2026-04-09,SLV,10602107.99,5302531.24,50.01,92.5717,311920,4908643,81968,0,48638.0,43.167,0.8699
2026-04-10,SLV,7348247.28,3107458.11,42.29,95.3011,95397,2961443,50617,0,22965.0,43.5565,0.0176
2026-04-13,SLV,10286684.32,6059671.09,58.91,84.1106,913195,5096824,49650,0,14807.0,44.9705,1.7926
2026-04-14,SLV,10939967.63,4594764.82,42.0,92.9331,249449,4270059,75255,0,19244.0,45.015,-0.0074
2026-04-15,SLV,8356567.89,4647116.29,55.61,94.1992,164081,4377547,105487,0,34617.0,46.166,1.4835
2026-04-16,SLV,8186308.39,4843354.33,59.16,95.6486,140687,4632600,70066,0,16775.0,47.239,1.8247
2026-04-17,SLV,11327059.31,4844328.95,42.77,94.498,166937,4577794,99597,0,47469.0,47.2205,0.0792
2026-04-20,SLV,6745929.31,3048310.81,45.19,96.4391,66501,2939764,42045,0,32095.0,46.99,0.3642
2026-04-21,SLV,12071065.7,5153354.64,42.69,95.0639,144068,4898979,110307,0,80473.0,47.1735,0.1099
2026-04-22,SLV,5487905.82,1985523.35,36.18,92.0833,105949,1828335,51239,0,36561.0,46.722,-0.5901
2026-04-23,SLV,7599009.42,2634248.19,34.67,95.354,53053,2511860,69335,0,14096.0,46.7775,-0.7348
2026-04-24,SLV,5715459.93,3048000.73,53.33,95.2946,88458,2904579,54962,0,20888.0,47.027,1.3559
2026-04-27,SLV,5180044.06,2724821.4,52.6,91.9443,195067,2505319,24435,0,21383.0,47.6845,1.3045
2026-04-28,SLV,7332093.46,4133678.98,56.38,94.3053,174088,3898279,61311,0,21080.0,48.0555,1.7447
2026-04-29,SLV,6651254.95,2768082.76,41.62,86.3592,315819,2390495,61768,0,14694.0,47.908,0.0258
2026-04-30,SLV,4982619.92,2216858.75,44.49,95.416,50320,2115238,51300,0,6567.0,47.7415,0.3462
2026-05-01,SLV,7150474.47,3736409.93,52.25,85.2236,439122,3184304,112983,0,47760.0,47.5505,1.2223
2026-05-04,SLV,6606139.51,3492394.1,52.87,93.5755,156139,3268024,68230,0,16675.0,47.836,1.2515
2026-05-05,SLV,4422425.27,2136590.63,48.31,97.3642,29336,2080274,26979,0,19060.0,47.627,0.7042
2026-05-06,SLV,7416390.49,3441977.52,46.41,95.2037,97930,3276891,67155,0,42641.0,47.887,0.487
2026-05-07,SLV,10407689.92,5383182.67,51.72,93.5419,212115,5035533,135533,0,53492.0,47.9725,1.0836
2026-05-08,SLV,6873920.69,3914948.79,56.95,94.3263,128496,3692828,93624,0,28883.0,48.7055,1.6189
2026-05-11,SLV,12522353.11,6148894.33,49.1,96.0289,132283,5904718,111892,0,67574.0,48.215,0.7015
2026-05-12,SLV,11584827.68,6217181.24,53.67,93.1037,329763,5788424,98992,0,46392.0,48.7985,1.202
2026-05-13,SLV,11294799.53,6092987.28,53.95,95.3111,181187,5807293,104506,0,41805.0,48.7155,1.1949
2026-05-14,SLV,9212889.84,4124413.58,44.77,86.2521,487065,3557395,79952,0,37126.0,47.996,0.0974
2026-05-15,SLV,14303216.72,6141744.28,42.94,92.0018,369546,5650513,121684,0,99064.0,48.0045,-0.1184
2026-05-18,SLV,7614176.52,3309401.65,43.46,90.8478,227799,3006518,75083,0,56834.0,47.918,-0.0418
2026-05-19,SLV,8369406.33,5236729.72,62.57,95.9654,122450,5025447,88832,0,42683.0,48.912,2.135
2026-05-20,SLV,7216550.75,4431912.66,61.41,95.3533,150847,4225977,55088,0,18842.0,50.1735,1.9033
2026-05-21,SLV,6297959.01,3245218.89,51.53,96.423,84038,3129136,32044,0,28402.0,51.0165,0.773
2026-05-22,SLV,4245612.33,1873451.15,44.13,95.9151,50117,1796922,26411,0,25045.0,50.5565,-0.0838
2026-05-26,SLV,5347900.71,2121765.33,39.67,95.7599,61732,2031801,28231,0,21069.0,49.91,-0.6164
2026-05-27,SLV,4977350.2,2870170.85,57.66,92.6748,172218,2659926,38025,0,20288.0,49.974,1.4241
2026-05-28,SLV,6673382.45,2558177.13,38.33,95.7258,80639,2448836,28702,0,21781.0,49.8095,-0.8095
2026-05-29,SLV,5724086.6,2725626.79,47.62,95.7239,77055,2609077,39493,0,29875.0,49.966,0.2398
2026-06-01,SLV,5504632.54,2620219.36,47.6,94.541,95938,2477182,47098,0,42412.0,49.7335,0.2229
2026-06-02,SLV,4582311.92,2410224.3,52.6,96.8149,44960,2333456,31807,0,12687.0,49.72,0.8007
2026-06-03,SLV,4786074.47,2699814.08,56.41,95.9017,62453,2589167,48193,0,21139.0,50.125,1.2504
2026-06-04,SLV,3797023.2,1794095.67,47.25,95.309,60386,1709935,23773,0,31617.0,50.167,0.0456
2026-06-05,SLV,11707083.55,6793672.29,58.03,94.4784,277610,6418555,97506,0,51575.0,50.4825,1.4294
2026-06-08,SLV,8007791.41,4683179.28,58.48,88.6005,496596,4149322,37259,0,26797.0,50.559,1.4453
2026-06-09,SLV,12973057.21,7097399.13,54.71,89.6436,666728,6362367,68303,0,72700.0,50.8395,0.9252
2026-06-10,SLV,9803836.09,5654942.43,57.68,93.756,285444,5301850,67647,0,37420.0,51.04,1.2886
2026-06-11,SLV,9582295.77,5076389.77,52.98,91.5426,385474,4647060,43854,0,18730.0,50.9915,0.6203
2026-06-12,SLV,6253241.93,3005068.6,48.06,96.4511,82114,2898422,24531,0,21828.0,51.156,-0.1072
2026-06-15,SLV,7888288.7,4161823.37,52.76,95.6376,129458,3980266,52098,0,89762.0,51.647,0.5547
2026-06-16,SLV,4838437.04,2917791.0,60.3,96.693,67124,2821300,29366,0,23915.0,52.489,1.5938
2026-06-17,SLV,9662525.31,4880534.58,50.51,97.0057,77626,4734396,68511,0,36779.0,51.886,0.1723
2026-06-18,SLV,10642903.02,5025281.27,47.22,95.336,171916,4790902,62463,0,27778.0,51.1765,-0.3112
2026-06-22,SLV,5867462.93,2034470.29,34.67,92.8431,118230,1888866,27373,0,41090.0,50.3335,-2.1539
2026-06-23,SLV,6699236.82,3334847.17,49.78,89.9881,257346,3000966,76534,0,36166.0,50.616,0.0557
2026-06-24,SLV,16960201.2,9206252.38,54.28,94.5357,383542,8703198,119511,0,51010.0,51.3465,0.6885
2026-06-25,SLV,8491249.74,4858755.75,57.22,92.7239,290389,4505229,63137,0,18319.0,51.3245,1.0937
2026-06-26,SLV,5330245.97,3095495.88,58.07,91.4713,216598,2831489,47408,0,16082.0,52.3115,1.1775
2026-06-29,SLV,5192272.7,3079410.48,59.31,95.0469,101263,2926885,51261,0,12729.0,52.896,1.3123
2026-06-30,SLV,5414967.43,2757323.99,50.92,95.9387,52250,2645342,59730,0,21824.0,53.062,0.1166
2026-07-01,SLV,5706431.18,3013150.2,52.8,97.1937,39985,2928592,44572,0,29068.0,53.072,0.3756
2026-07-02,SLV,5795084.19,2653871.89,45.8,95.3639,50822,2530835,72213,0,38515.0,52.5415,-0.6216
2026-07-06,SLV,5160044.72,2536024.07,49.15,94.0511,65930,2385158,84935,0,5294.0,52.6365,-0.1584
2026-07-07,SLV,5040506.44,3029594.09,60.1,80.7668,544841,2446906,37846,0,16036.0,52.74,1.3992
2026-07-08,SLV,6855712.07,3536396.11,51.58,88.4213,347830,3126927,61637,0,15382.0,52.395,0.1498
2026-07-09,SLV,4432236.98,2691558.6,60.73,81.3111,461741,2188536,41280,0,10406.0,52.696,1.4716
2026-07-10,SLV,2858706.38,1295494.16,45.32,93.6922,28643,1213777,53074,0,15254.0,52.078,-0.7777
2026-07-13,SLV,5355882.64,2917449.61,54.47,93.8124,114484,2736929,66036,0,875.0,52.1525,0.564
2026-07-14,SLV,4033190.93,1834130.28,45.48,92.5355,105970,1697221,30938,0,440.0,52.0235,-0.726
2026-07-15,SLV,6378227.75,2758445.91,43.25,92.7655,138635,2558886,60924,0,21433.0,51.548,-1.0581
2026-07-16,SLV,6964858.54,3737611.39,53.66,95.2757,104451,3561034,72125,0,12451.0,51.216,0.4631
2026-07-17,SLV,5740841.71,3431520.19,59.77,95.6666,93570,3282820,55128,0,10255.0,51.679,1.3235
