wick_idx,entry,day,mfe_pct,mae_pct,direction
0,E1,0,0.07276576040218644,0.34398359462857064,down
0,E1,1,1.2171727194549018,0.9228186809552187,down
0,E1,2,-0.9443011179466887,1.9034861414301953,down
0,E1,3,-1.7757160812330646,2.421115300654909,down
0,E1,4,-1.2965535489845923,2.4409770457101407,down
0,E1,5,-2.135013560891725,3.1537342065224667,down
0,E1,6,-2.2077793212939114,3.2314612687702713,down
0,E1,7,-2.457498180855992,3.3505325130647794,down
0,E1,8,-3.1471191373950007,4.0087318912482655,down
0,E1,9,-2.813058146457648,3.995501752993333,down
0,E1,10,-2.6989482040087402,3.5043328702785037,down
0,E2,0,1.0256665175390534,1.118473596129306,down
0,E2,1,-1.1399976802372778,2.1010422362512737,down
0,E2,2,-1.9730244734967195,2.6196749018243373,down
0,E2,3,-1.4929330085665509,2.639575152027313,down
0,E2,4,-2.333018508392577,3.3537141058143214,down
0,E2,5,-2.405925336779835,3.4315918543189072,down
0,E2,6,-2.6561283160179574,3.550893937134441,down
0,E2,7,-3.3470862123245757,4.2103693393647115,down
0,E2,8,-3.0123775910921218,4.19711355238522,down
0,E2,9,-2.8980464283938976,3.704992460771158,down
1,E1,0,0.1479355347714504,0.24919604971443982,down
1,E1,1,-0.2813524533165431,1.1190267671511318,down
1,E1,2,0.04342722306462371,1.1061642057103054,down
1,E1,3,0.15436681549186376,0.628641612219175,down
1,E1,4,0.1559746356719671,1.1656535523741838,down
1,E1,5,0.6817318345662341,0.6141712305982266,down
1,E1,6,1.7043054691128896,0.25401951025474984,down
1,E1,7,2.0323007858542628,-0.569184421958909,down
1,E1,8,2.419769371057718,-1.3586241303903612,down
1,E1,9,3.4857702286690153,-1.336114647868896,down
1,E1,10,2.41817762907943,-1.4518777008364463,down
1,E2,0,0.10730644799640589,0.7271213043338934,down
1,E2,1,0.4308273807617061,0.7143085941253782,down
1,E2,2,0.541337006310259,0.2386367276338142,down
1,E2,3,0.5429385950863235,0.7735673788398156,down
1,E2,4,1.066658124859856,0.22422242864921638,down
1,E2,5,2.0852685864377434,-0.13453345718953713,down
1,E2,6,2.4119926967551724,-0.9545469105352568,down
1,E2,7,2.797959575899282,-1.7409269995835877,down
1,E2,8,3.85982895031872,-1.7185047567186678,down
1,E2,9,2.7963740030109925,-1.8338191485954138,down
2,E1,0,0.448614044566696,0.6336264060120839,up
2,E1,1,0.47153593005550304,1.717504134125777,up
2,E1,2,0.35365194754162255,0.630351850942257,up
2,E1,3,1.12153511141674,-0.1801005288406475,up
2,E1,4,1.7813579579874579,-1.1460942744404603,up
2,E1,5,1.9057910506409919,-1.147731551975374,up
2,E1,6,2.211961949670087,-1.7928189007318704,up
2,E1,7,2.4141657252320847,-2.025312310689786,up
2,E1,8,1.9663703194328457,-1.303272917792301,up
2,E1,9,1.8681336673379452,-1.3826808782356779,up
2,E1,10,1.504658054586842,-0.537027031452097,up
2,E2,0,0.09623854108896876,2.084624669689749,up
2,E2,1,-0.021205102273838688,1.0015332920105677,up
2,E2,2,0.7438097412977619,0.19410824389128975,up
2,E2,3,1.40116791178678,-0.7682771669983423,up
2,E2,4,1.5251362020030703,-0.769908328711713,up
2,E2,5,1.8301634424036846,-1.4125860437803939,up
2,E2,6,2.031611914005161,-1.6442110070792486,up
2,E2,7,1.585489185397845,-0.9248686914820855,up
2,E2,8,1.4876194825955054,-1.0039800345806424,up
2,E2,9,1.1255015822268768,-0.16148500962385562,up
3,E1,0,0.20875994069237364,0.24325967297045553,up
3,E1,1,1.8589638979246628,-0.8601999721476141,up
3,E1,2,2.6383653641300566,-1.682809195541365,up
3,E1,3,3.308085600549605,-2.6632929163541057,up
3,E1,4,3.4343851984848044,-2.664954753169041,up
3,E1,5,3.7451486828779976,-3.3197184582541714,up
3,E1,6,3.9503855295227006,-3.555699285975198,up
3,E1,7,3.4958731606374687,-2.82282925058805,up
3,E1,8,3.3961629517412537,-2.9034283361124897,up
3,E1,9,3.0272351788252863,-2.045089621197591,up
3,E1,10,3.5075060183420352,-1.3969732633722214,up
3,E2,0,0.5132830436208586,0.4722859954083299,up
3,E2,1,1.2823876680879058,-0.33945555919974585,up
3,E2,2,1.9432600852738642,-1.3069858970154196,up
3,E2,3,2.06789111183995,-1.308625778943919,up
3,E2,4,2.374549032469665,-1.9547392587733803,up
3,E2,5,2.5770744506395595,-2.187602492620537,up
3,E2,6,2.1285667431944932,-1.4644145621515356,up
3,E2,7,2.0301738274844205,-1.5439488356838436,up
3,E2,8,1.6661200393571798,-0.6969498196129879,up
3,E2,9,2.1400459166940093,-0.05739586749754391,up
4,E1,0,1.9594715958263256,0.0849104358191378,down
4,E1,1,0.08817622181217871,0.8507372511879355,down
4,E1,2,-0.875230646135761,1.5087931287862721,down
4,E1,3,-0.8768635391322814,1.6328929965219379,down
4,E1,4,-1.520223379761934,1.938243986871541,down
4,E1,5,-1.7520941852680425,2.1399062719420026,down
4,E1,6,-1.031988373801873,1.6933100373932506,down
4,E1,7,-1.111183684133189,1.5953364576019307,down
4,E1,8,-0.26779445142959557,1.2328342123740743,down
4,E1,9,0.3690338172139565,1.7047402883689122,down
4,E1,10,-0.7037768815009648,1.3716301170784242,down
4,E2,0,0.013072963477414972,0.9265462864613055,down
4,E2,1,-0.9510580929814423,1.5850968216357433,down
4,E2,2,-0.9526922134161169,1.7092899746711205,down
4,E2,3,-1.5965356646784838,2.01487049595554,down
4,E2,4,-1.828580766402474,2.2166843696380325,down
4,E2,5,-1.1079336547103475,1.7697524307541346,down
4,E2,6,-1.1871884957921375,1.6717052046735688,down
4,E2,7,-0.3431652912819526,1.308930468175503,down
4,E2,8,0.29414167824169757,1.7811912737968751,down
4,E2,9,-0.7794754473404659,1.447830705122951,down
5,E1,0,0.06084625631074422,0.5245933990034273,down
5,E1,1,-0.6216185104178613,1.5672022233550909,down
5,E1,2,-1.5918696245621453,2.229933069118049,down
5,E1,3,-1.5935141179759478,2.354914568567142,down
5,E1,4,-2.2414445230146844,2.662434836948468,down
5,E1,5,-2.4749625877748285,2.8655297735532494,down
5,E1,6,-1.7497409922873235,2.4157608248778866,down
5,E1,7,-1.8294989228568137,2.31709122004965,down
5,E1,8,-0.9801180746270984,1.9520136821852034,down
5,E1,9,-0.3387656432435898,2.427272278774522,down
5,E1,10,-1.4191978161127456,2.0917956223585183,down
5,E2,0,0.013072963477414972,0.9265462864613055,down
5,E2,1,-0.9510580929814423,1.5850968216357433,down
5,E2,2,-0.9526922134161169,1.7092899746711205,down
5,E2,3,-1.5965356646784838,2.01487049595554,down
5,E2,4,-1.828580766402474,2.2166843696380325,down
5,E2,5,-1.1079336547103475,1.7697524307541346,down
5,E2,6,-1.1871884957921375,1.6717052046735688,down
5,E2,7,-0.3431652912819526,1.308930468175503,down
5,E2,8,0.29414167824169757,1.7811912737968751,down
5,E2,9,-0.7794754473404659,1.447830705122951,down
6,E1,0,0.41887719102370247,1.153616215539022,up
6,E1,1,0.8813752517774514,-0.2517287690670902,up
6,E1,2,1.0047080679784488,-0.25335156928025976,up
6,E1,3,1.3081717078414332,-0.8927348532696567,up
6,E1,4,1.5085875341680584,-1.1231724835399373,up
6,E1,5,1.0647516758657778,-0.40751758953151557,up
6,E1,6,0.9673836630755119,-0.48622339987031304,up
6,E1,7,0.6071220157515559,0.35195291023253966,up
6,E1,8,1.0761112773579833,0.98484499336924,up
6,E1,9,0.7450600338710793,-0.08133474668413879,up
6,E1,10,1.2661898663267024,-0.37668438548125704,up
6,E2,0,0.04828196668543567,0.5761648024462929,up
6,E2,1,0.17059628228855642,0.5745554035567796,up
6,E2,2,0.47155387462781845,-0.05954775891204708,up
6,E2,3,0.6703146374828942,-0.2880824012231373,up
6,E2,4,0.23014404120060353,0.42166250905286945,up
6,E2,5,0.13358010782971388,0.34360666291140113,up
6,E2,6,-0.2237064456425503,1.1748611893457903,up
6,E2,7,0.24140983342721495,1.8025267562565455,up
6,E2,8,-0.08690754003380982,0.745151685845336,up
6,E2,9,0.4299187253560753,0.4522410879536588,up
7,E1,0,0.1523747771113537,0.30799157075700717,down
7,E1,1,-0.14102771924136887,0.7699789268925272,down
7,E1,2,-0.14264872750850957,0.89317555519533,down
7,E1,3,-0.7813259847625305,1.1963041011509152,down
7,E1,4,-1.0115091586967109,1.3964986221429745,down
7,E1,5,-0.29664451288702237,0.9531528610795907,down
7,E1,6,-0.37526341384341944,0.8558923650510574,down
7,E1,7,0.46198735613552,0.49602852974551126,down
7,E1,8,1.0941805803209597,0.9644999189495941,down
7,E1,9,0.029178148808550818,0.6338142324525804,down
7,E1,10,-0.2658453558113124,1.1543686172799514,down
7,E2,0,0.5761648024462929,0.04828196668543567,down
7,E2,1,0.5745554035567796,0.17059628228855642,down
7,E2,2,-0.05954775891204708,0.47155387462781845,down
7,E2,3,-0.2880824012231373,0.6703146374828942,down
7,E2,4,0.42166250905286945,0.23014404120060353,down
7,E2,5,0.34360666291140113,0.13358010782971388,down
7,E2,6,1.1748611893457903,-0.2237064456425503,down
7,E2,7,1.8025267562565455,0.24140983342721495,down
7,E2,8,0.745151685845336,-0.08690754003380982,down
7,E2,9,0.4522410879536588,0.4299187253560753,down
8,E1,0,0.3865215866133033,0.35653791105889016,up
8,E1,1,1.3843443406302176,-0.7164073416238077,up
8,E1,2,1.9087810362070787,-1.0136311406926704,up
8,E1,3,2.5487430699495013,-1.6701364551195186,up
8,E1,4,1.8105828656685485,-0.8927819037086214,up
8,E1,5,2.540577580964082,-1.0985522261409166,up
8,E1,6,2.6965384205853926,-1.6211435212070742,up
8,E1,7,2.798607032903,-1.8554930550883106,up
8,E1,8,1.8154821590598078,-0.36365821745414295,up
8,E1,9,2.8851612161483264,-1.3745457538477361,up
8,E1,10,2.2449868796922994,-1.0691564657934538,up
8,E2,0,0.2405864496544428,0.41981528127624207,up
8,E2,1,0.7591067622553681,0.12594458438288547,up
8,E2,2,1.3918491248466065,-0.5231544274365263,up
8,E2,3,0.6620164050894382,0.2454304721307394,up
8,E2,4,1.3837757540528217,0.04198152812764073,up
8,E2,5,1.5379771362139083,-0.4747142026738908,up
8,E2,6,1.638894271136081,-0.7064199444552088,up
8,E2,7,0.6668604275657164,0.7685848995672842,up
8,E2,8,1.724472001550079,-0.23089840470192305,up
8,E2,9,1.0915197313182186,0.07104566298521839,up
9,E1,0,4.034430541165228,0.03188013070852503,down
9,E1,1,1.5222762413326003,-0.6264445684227407,down
9,E1,2,1.3214314178688256,0.08607635291304114,down
9,E1,3,0.8113493265322439,0.23830397704630663,down
9,E1,4,0.5826093886984893,0.3379293855104813,down
9,E1,5,2.0387343588108835,-0.6216625488164466,down
9,E1,6,1.0520443133816884,0.42241173188809716,down
9,E1,7,1.3501235355064998,-0.2024388299992001,down
9,E1,8,3.2358332669164054,-1.959831035307256,down
9,E1,9,3.1061608352594208,-1.1046465290507792,down
9,E1,10,1.525464254403451,-0.7794691958237007,down
9,E2,0,0.8394459335826554,0.0625973067107501,down
9,E2,1,0.6372084811325341,0.7800587451647616,down
9,E2,2,0.12358955427507212,0.9333418936487897,down
9,E2,3,-0.10673643323757723,1.0336580903006365,down
9,E2,4,1.3594850970258299,0.0674124841500526,down
9,E2,5,0.36595348538593214,1.1187262250613978,down
9,E2,6,0.6660995457682579,0.48954303966102247,down
9,E2,7,2.5648845159944176,-1.2800346692775666,down
9,E2,8,2.4343129544323596,-0.4189204372181137,down
9,E2,9,0.8426560518755116,-0.0914883713464739,down
10,E1,0,0.35649558797965614,0.49903630842220603,down
10,E1,1,1.8159323524299342,-0.395637570167978,down
10,E1,2,0.8269981902025454,0.6508113413973362,down
10,E1,3,1.1257553603746302,0.02453962638420376,down
10,E1,4,3.015753928896431,-1.7368495720902641,down
10,E1,5,2.8857865717119298,-0.8797200437623314,down
10,E1,6,1.3014948722405657,-0.5538031308473181,down
10,E1,7,1.1625008946738733,-0.0841153209067299,down
10,E1,8,0.6081226163331568,0.2689773110704501,down
10,E1,9,-0.22584124906699699,0.9771596149323665,down
10,E1,10,-0.939982720013088,1.7052484125929308,down
10,E2,0,1.2342504499871534,0.1944587297505844,down
10,E2,1,0.23945744407302796,1.247107225507841,down
10,E2,2,0.5399845718693773,0.6171252249935767,down
10,E2,3,2.441180251992809,-1.154699151452825,down
10,E2,4,2.3104429159166826,-0.2924916430959196,down
10,E2,5,0.7167652352789978,0.03535613268192776,down
10,E2,6,0.5769478014913911,0.5078265620982246,down
10,E2,7,0.019285163281049844,0.8630110568269486,down
10,E2,8,-0.8196194394445908,1.5753889174594946,down
10,E2,9,-1.5379917716636564,2.307791205965546,down
11,E1,0,1.50112704426646,0.12789154796733462,down
11,E1,1,1.0630984924783748,0.08792543922754596,down
11,E1,2,2.954294758045181,-1.6745799561971486,down
11,E1,3,2.824245040205894,-0.8169072626412823,down
11,E1,4,1.2389493709334485,-0.4907838153245946,down
11,E1,5,1.0998673125189833,-0.02079836298818128,down
11,E1,6,0.5451377232107123,0.3325180247150482,down
11,E1,7,-0.28935462727607936,1.0411491055584856,down
11,E1,8,-1.0039486515434868,1.76969929499785,down
11,E1,9,1.1606157978034612,1.3012965005675166,down
11,E1,10,0.9963550908829247,0.43579044969865544,down
11,E2,0,1.0583533173461237,0.09272581934453093,down
11,E2,1,2.9496402877697916,-1.6698641087130377,down
11,E2,2,2.8195843325339656,-0.8121502797761856,down
11,E2,3,1.2342126298960876,-0.48601119104715645,down
11,E2,4,1.0951239008793003,-0.016003197442045987,down
11,E2,5,0.540367705835331,0.3373301358912892,down
11,E2,6,-0.2941646682653928,1.0459952038369253,down
11,E2,7,-1.0087929656274892,1.7745803357314187,down
11,E2,8,1.1558752997601947,1.306155075939242,down
11,E2,9,0.9916067146282952,0.44060751398880443,down
12,E1,0,0.30034370884327594,0.05460794706241878,down
12,E1,1,0.6006874176865519,0.5557161671645685,down
12,E1,2,2.50072275224054,-1.215026822138713,down
12,E1,3,2.3700652083132505,-0.35334553981562516,down
12,E1,4,0.7773601875943644,-0.02569785744113073,down
12,E1,5,0.6376280877581875,0.4464842118788342,down
12,E1,6,0.08030580450354952,0.8014519289454257,down
12,E1,7,-0.7580867945135118,1.5133950081911862,down
12,E1,8,-1.4760206867752306,2.2453502939192473,down
12,E1,9,0.6986604991808845,1.7747582795284371,down
12,E1,10,0.5336320709260851,0.9052070283640049,down
12,E2,0,1.0583533173461237,0.09272581934453093,down
12,E2,1,2.9496402877697916,-1.6698641087130377,down
12,E2,2,2.8195843325339656,-0.8121502797761856,down
12,E2,3,1.2342126298960876,-0.48601119104715645,down
12,E2,4,1.0951239008793003,-0.016003197442045987,down
12,E2,5,0.540367705835331,0.3373301358912892,down
12,E2,6,-0.2941646682653928,1.0459952038369253,down
12,E2,7,-1.0087929656274892,1.7745803357314187,down
12,E2,8,1.1558752997601947,1.306155075939242,down
12,E2,9,0.9916067146282952,0.44060751398880443,down
13,E1,0,1.928441327481865,1.0656648230867378,up
13,E1,1,1.1133188871765534,0.9330841762431041,up
13,E1,2,1.445789101756754,-0.6830633153669006,up
13,E1,3,1.9249210546215985,-0.8248520833496285,up
13,E1,4,2.2851134179763424,-1.3903773993267172,up
13,E1,5,3.007535339628099,-2.241110007223085,up
13,E1,6,3.750264020464525,-2.9696109185826,up
13,E1,7,3.27274552599395,-0.7629213571043001,up
13,E1,8,2.390395652593395,-0.9303787813597676,up
13,E1,9,2.428531941912893,-0.8264818393034514,up
13,E1,10,2.6713655790327375,0.4284302451413643,up
13,E2,0,1.7966429848884986,0.2635896762761059,up
13,E2,1,2.131360034128014,-1.3634797446962026,up
13,E2,2,2.6137299620982124,-1.506226721577756,up
13,E2,3,2.976356506472835,-2.075573859254759,up
13,E2,4,3.703660557533585,-2.93205572054408,up
13,E2,5,4.451408600915548,-3.6654798431423883,up
13,E2,6,3.970663035096056,-1.443877467307653,up
13,E2,7,3.082350238732004,-1.6124665693143199,up
13,E2,8,3.1207442532036,-1.5078674914269679,up
13,E2,9,3.3652189607363754,-0.24447470753277584,up
14,E1,0,0.6481940375005526,1.1639228210800885,up
14,E1,1,1.0128968014916266,1.0314738485324233,up
14,E1,2,1.3450368186977948,-0.5830685439307219,up
14,E1,3,1.8236929150626795,-0.7247164924451125,up
14,E1,4,2.1835275484094088,-1.2896801491634302,up
14,E1,5,2.9052319867769136,-2.1395678402497733,up
14,E1,6,3.6472230163914383,-2.8673452308926586,up
14,E1,7,3.170178775992391,-0.6628472735537705,up
14,E1,8,2.2887052205246845,-0.8301383851612878,up
14,E1,9,2.326803634263044,-0.7263446297843569,up
14,E1,10,2.569396097810678,0.527321121434944,up
14,E2,0,1.7966429848884986,0.2635896762761059,up
14,E2,1,2.131360034128014,-1.3634797446962026,up
14,E2,2,2.6137299620982124,-1.506226721577756,up
14,E2,3,2.976356506472835,-2.075573859254759,up
14,E2,4,3.703660557533585,-2.93205572054408,up
14,E2,5,4.451408600915548,-3.6654798431423883,up
14,E2,6,3.970663035096056,-1.443877467307653,up
14,E2,7,3.082350238732004,-1.6124665693143199,up
14,E2,8,3.1207442532036,-1.5078674914269679,up
14,E2,9,3.3652189607363754,-0.24447470753277584,up
15,E1,0,1.0314794661011357,0.7875382414560567,up
15,E1,1,1.3975710802006982,0.6545848807105096,up
15,E1,2,1.7309759430413822,-0.9661059635833608,up
15,E1,3,2.211454843171421,-1.1082933315595302,up
15,E1,4,2.57265978795778,-1.6754084659012651,up
15,E1,5,3.297112599484167,-2.5285326737582823,up
15,E1,6,4.041929257044859,-3.2590815643944455,up
15,E1,7,3.563068351102119,-1.0461885041676413,up
15,E1,8,2.6782379945239856,-1.2141166887601906,up
15,E1,9,2.7164814934968926,-1.109927669122473,up
15,E1,10,2.9599977903756196,0.14851225434475623,up
15,E2,0,1.7966429848884986,0.2635896762761059,up
15,E2,1,2.131360034128014,-1.3634797446962026,up
15,E2,2,2.6137299620982124,-1.506226721577756,up
15,E2,3,2.976356506472835,-2.075573859254759,up
15,E2,4,3.703660557533585,-2.93205572054408,up
15,E2,5,4.451408600915548,-3.6654798431423883,up
15,E2,6,3.970663035096056,-1.443877467307653,up
15,E2,7,3.082350238732004,-1.6124665693143199,up
15,E2,8,3.1207442532036,-1.5078674914269679,up
15,E2,9,3.3652189607363754,-0.24447470753277584,up
16,E1,0,0.4543475939781822,0.2849938812552894,up
16,E1,1,1.9111837512422272,0.1513670671911962,up
16,E1,2,2.2462774214213668,-1.4775331192457115,up
16,E1,3,2.7291901081662715,-1.6204407138809285,up
16,E1,4,3.0922246770206305,-2.1904284763915074,up
16,E1,5,3.8203470847672003,-3.0478740442028083,up
16,E1,6,4.5689364882511985,-3.7821234097423524,up
16,E1,7,4.0876499913762645,-1.5580213047299152,up
16,E1,8,3.1983376725773476,-1.7268001018422015,up
16,E1,9,3.2367748876861357,-1.6220833299112165,up
16,E1,10,3.4815246761993235,-0.35726898658805134,up
16,E2,0,1.7966429848884986,0.2635896762761059,up
16,E2,1,2.131360034128014,-1.3634797446962026,up
16,E2,2,2.6137299620982124,-1.506226721577756,up
16,E2,3,2.976356506472835,-2.075573859254759,up
16,E2,4,3.703660557533585,-2.93205572054408,up
16,E2,5,4.451408600915548,-3.6654798431423883,up
16,E2,6,3.970663035096056,-1.443877467307653,up
16,E2,7,3.082350238732004,-1.6124665693143199,up
16,E2,8,3.1207442532036,-1.5078674914269679,up
16,E2,9,3.3652189607363754,-0.24447470753277584,up
17,E1,0,0.051620714662252196,0.7401871859679475,up
17,E1,1,0.3805999646186023,0.3741171382224179,up
17,E1,2,0.8547009925336149,0.23381716397633195,up
17,E1,3,1.2111113064201373,-0.3257700896258742,up
17,E1,4,1.9259477384208448,-1.1675699351023896,up
17,E1,5,2.660877706963019,-1.8884215269184685,up
17,E1,6,2.188373195996308,0.2950976124976098,up
17,E1,7,1.3152880689063042,0.12939850498283165,up
17,E1,8,1.3530239240483606,0.2322045205941945,up
17,E1,9,1.5933077879870596,1.4739399248411442,up
17,E1,10,-0.8063055646356377,3.1656028327048626,up
17,E2,0,0.01767494175303505,0.7343134891941914,up
17,E2,1,0.4900618622961323,0.5945207680565671,up
17,E2,2,0.845183578372297,0.03695669639270799,up
17,E2,3,1.5574355266329147,-0.8017996304330375,up
17,E2,4,2.2897083634610746,-1.5200449907608133,up
17,E2,5,1.818912187675735,0.6555796577488617,up
17,E2,6,0.9489836908491924,0.49047963364666325,up
17,E2,7,0.9865831123965592,0.5929139551699292,up
17,E2,8,1.225998232505824,1.8301598778822183,up
17,E2,9,-1.1649393428135293,3.515706595966899,up
18,E1,0,2.4265781492821645,0.4609277346657873,down
18,E1,1,-0.06829497601122969,0.8269520611081759,down
18,E1,2,2.0762179534694507,0.36288833264594944,down
18,E1,3,1.9134788814575248,-0.49460007209617807,down
18,E1,4,2.0144483786912053,-0.4575383272292239,down
18,E1,5,3.234001521748896,-0.2215468748713035,down
18,E1,6,4.895444699758676,-2.578293727949043,down
18,E1,7,5.79981462792225,-4.208060200944348,down
18,E1,8,5.1646966923818125,-3.162728935466314,down
18,E1,9,4.1668804844255,-2.362892133850538,down
18,E1,10,3.226082345495282,-2.2741973598099863,down
18,E2,0,0.5743870581940784,0.179397601737322,down
18,E2,1,2.7051269946180803,-0.2816857079910738,down
18,E2,2,2.5434331035785136,-1.1336669499260479,down
18,E2,3,2.64375413086584,-1.0968432316746966,down
18,E2,4,3.855474774179334,-0.8623674188776662,down
18,E2,5,5.506247442797345,-3.203978220501686,down
18,E2,6,6.404809114657106,-4.823277625657019,down
18,E2,7,5.773770182230203,-3.7846599313882963,down
18,E2,8,4.782362383155507,-2.989960028955402,down
18,E2,9,3.8476064583136695,-2.9018348912598833,down
19,E1,0,2.288622505321458,0.9170494374469703,down
19,E1,1,0.8854408399084595,0.5483091400860923,down
19,E1,2,0.9874685914568878,0.5857593265368128,down
19,E1,3,2.219803786629964,0.8242241889793988,down
19,E1,4,3.8986604356384955,-1.5572235648096309,down
19,E1,5,4.812509002448674,-3.204071507450042,down
19,E1,6,4.170734439767626,-2.147784197301678,down
19,E1,7,3.162460189171453,-1.3395643615063302,down
19,E1,8,2.2118016100379383,-1.2499399836755691,down
19,E1,9,2.7431461357489213,-1.1699182177552387,down
19,E1,10,4.042715618648285,-1.4435926572027742,down
19,E2,0,1.0248357865464868,0.4068977641399267,down
19,E2,1,1.1267200460277234,0.444295280561278,down
19,E2,2,2.3573220821147176,0.6824247654664272,down
19,E2,3,4.033817583225456,-1.6956737146601482,down
19,E2,4,4.946380911284788,-3.3402055265218853,down
19,E2,5,4.305508941842076,-2.285403781304449,down
19,E2,6,3.2986527304981514,-1.4783206277668568,down
19,E2,7,2.3493311598024715,-1.3888222978696287,down
19,E2,8,2.8799284013360795,-1.3089130747470958,down
19,E2,9,4.177670166690651,-1.5822026178261641,down
20,E1,0,3.155343834547777,0.12614736003452304,up
20,E1,1,0.3884010822115488,1.279731770876564,up
20,E1,2,1.4838913140903183,0.6141384633259823,up
20,E1,3,2.3221073248460518,-0.43155675801285087,up
20,E1,4,2.4150580111872713,-1.4174979667037302,up
20,E1,5,2.4980496954205114,-0.8664331833950283,up
20,E1,6,2.2142181353428247,0.48136836688964857,up
20,E1,7,0.6655933075505819,1.0041993792222133,up
20,E1,8,0.2456553853303929,1.5154281540989585,up
20,E1,9,1.2118445731737566,0.29047089481633936,up
20,E1,10,0.5552143675203789,0.28549139376234955,up
20,E2,0,0.7663984272171255,0.9080155278985763,up
20,E2,1,1.8660135619199831,0.23991602938972267,up
20,E2,2,2.7073857483214208,-0.8097165991902857,up
20,E2,3,2.8006864264174114,-1.7993702204228443,up
20,E2,4,2.8839906032888396,-1.246230485996571,up
20,E2,5,2.5990903183885488,0.10664600723081503,up
20,E2,6,1.044634377967708,0.6314456606854396,up
20,E2,7,0.6231152429982855,1.144599390213426,up
20,E2,8,1.5929424701354395,-0.08497026040885539,up
20,E2,9,0.9338398227287146,-0.08996851102113654,up
21,E1,0,0.6088430336838182,0.057593259943068686,up
21,E1,1,1.4398314985766236,0.4344177321419733,up
21,E1,2,1.5319807144855186,-0.543022165177462,up
21,E1,3,1.6142568001184683,0.0032910434253150037,up
21,E1,4,1.3328725872537739,1.3394711293215635,up
21,E1,5,-0.2023991706570598,1.8577940135920221,up
21,E1,6,-0.6187161639597819,2.3646147010909813,up
21,E1,7,0.3391420249790067,1.1502196771486415,up
21,E1,8,-0.31182636454887724,1.1452831120106688,up
21,E1,9,0.4344177321419733,1.3954024123348336,up
21,E1,10,0.04936565137976247,1.425021803162706,up
21,E2,0,1.4682160845376557,0.4065575929156786,up
21,E2,1,1.5603910853606378,-0.5711558086710385,up
21,E2,2,1.6426901932383084,-0.024689732363316154,up
21,E2,3,1.3612272442966689,1.3118642393916455,up
21,E2,4,-0.17447410870065272,1.830332159199395,up
21,E2,5,-0.5909075945616615,2.3372946637258343,up
21,E2,6,0.36721861935016537,1.1225598314514167,up
21,E2,7,-0.28393192217794866,1.117621884978761,up
21,E2,8,0.46252098627251853,1.3678111729268765,up
21,E2,9,0.07736116140501487,1.3974388517628484,up
22,E1,0,0.057593259943068686,0.6088430336838182,down
22,E1,1,0.4344177321419733,1.4398314985766236,down
22,E1,2,-0.543022165177462,1.5319807144855186,down
22,E1,3,0.0032910434253150037,1.6142568001184683,down
22,E1,4,1.3394711293215635,1.3328725872537739,down
22,E1,5,1.8577940135920221,-0.2023991706570598,down
22,E1,6,2.3646147010909813,-0.6187161639597819,down
22,E1,7,1.1502196771486415,0.3391420249790067,down
22,E1,8,1.1452831120106688,-0.31182636454887724,down
22,E1,9,1.3954024123348336,0.4344177321419733,down
22,E1,10,1.425021803162706,0.04936565137976247,down
22,E2,0,0.4065575929156786,1.4682160845376557,down
22,E2,1,-0.5711558086710385,1.5603910853606378,down
22,E2,2,-0.024689732363316154,1.6426901932383084,down
22,E2,3,1.3118642393916455,1.3612272442966689,down
22,E2,4,1.830332159199395,-0.17447410870065272,down
22,E2,5,2.3372946637258343,-0.5909075945616615,down
22,E2,6,1.1225598314514167,0.36721861935016537,down
22,E2,7,1.117621884978761,-0.28393192217794866,down
22,E2,8,1.3678111729268765,0.46252098627251853,down
22,E2,9,1.3974388517628484,0.07736116140501487,down
23,E1,0,0.360947266484724,1.288816062517425,up
23,E1,1,-0.057719790275933505,1.813473731869068,up
23,E1,2,0.905545402373781,0.5922235821087186,up
23,E1,3,0.25090236816621614,0.5872591506056322,up
23,E1,4,1.0013589303834451,0.8387903467622325,up
23,E1,5,0.6141332731423531,0.8685769357807882,up
23,E1,6,0.776304702243324,0.7560498217107182,up
23,E1,7,2.073676135051073,-1.1089216129504098,up
23,E1,8,1.8684796329233158,0.05275535877284717,up
23,E1,9,0.6654323986743017,0.34896643845726216,up
23,E1,10,0.9302020788391324,1.0439868488899895,up
23,E2,0,0.9316899937330345,0.8414455817839931,up
23,E2,1,1.904491330687271,-0.39189471485273064,up
23,E2,2,1.243367453519959,-0.3969082932943388,up
23,E2,3,2.0012533946104067,-0.14288698558596502,up
23,E2,4,1.6101942761646109,-0.11280551493627816,up
23,E2,5,1.7739711719239621,-0.22644662627951004,up
23,E2,6,3.0841863379987533,-2.1098809275120116,up
23,E2,7,2.87695842907876,-0.9367035721746427,up
23,E2,8,1.662001253394619,-0.6375600584917576,up
23,E2,9,1.9293921036139476,0.06434092333402815,up
24,E1,0,0.8369756508662972,0.11154167114211537,down
24,E1,1,1.9523923622873383,-0.19912253885367012,down
24,E1,2,0.7328700911336675,0.7627797836917791,down
24,E1,3,0.7279126835273563,0.10906296733895975,down
24,E1,4,0.9790880022473506,0.8584577504936834,down
24,E1,5,1.0088324478852555,0.47177995720105065,down
24,E1,6,0.8964645421420883,0.6337219390073678,down
24,E1,7,-0.9658682486305206,1.9292577934578856,down
24,E1,8,0.19416513124735887,1.7243516123968339,down
24,E1,9,0.4899571184241919,0.5230065024663231,down
24,E1,10,1.1839941833084027,0.7874015748031473,down
24,E2,0,0.8414455817839931,0.9316899937330345,down
24,E2,1,-0.39189471485273064,1.904491330687271,down
24,E2,2,-0.3969082932943388,1.243367453519959,down
24,E2,3,-0.14288698558596502,2.0012533946104067,down
24,E2,4,-0.11280551493627816,1.6101942761646109,down
24,E2,5,-0.22644662627951004,1.7739711719239621,down
24,E2,6,-2.1098809275120116,3.0841863379987533,down
24,E2,7,-0.9367035721746427,2.87695842907876,down
24,E2,8,-0.6375600584917576,1.662001253394619,down
24,E2,9,0.06434092333402815,1.9293921036139476,down
25,E1,0,0.506430197375794,0.12689844832818414,up
25,E1,1,1.4572543058867715,0.3912009540156801,up
25,E1,2,1.068280806950459,0.42112199239540665,up
25,E1,3,1.2311842381289155,0.3080869585164692,up
25,E1,4,2.534411687556548,-1.565302500035742,up
25,E1,5,2.3282889787185033,-0.3983820032268236,up
25,E1,6,1.1198114841599798,-0.10083389933965455,up
25,E1,7,1.3857762697574394,0.5973236628537247,up
25,E1,8,0.39505744340685817,1.614638967764067,up
25,E1,9,1.877811123112774,-0.3069566081776802,up
25,E1,10,1.8578637641929625,-0.11246985870953348,up
25,E2,0,1.7046590681863656,0.1483036725988113,up
25,E2,1,1.31473705258948,0.17829767379858194,up
25,E2,2,1.4780377257881763,0.06498700259947783,up
25,E2,3,2.7844431113777306,-1.8129707391854952,up
25,E2,4,2.577817769779382,-0.6432046923948567,up
25,E2,5,1.3663933879890764,-0.3449310137972489,up
25,E2,6,1.6330067319869284,0.35492901419715983,up
25,E2,7,0.6398720255948863,1.3747250549890022,up
25,E2,8,2.1262414183829885,-0.5515563553955785,up
25,E2,9,2.106245417583148,-0.35659534759714495,up
26,E1,0,0.7299752270850469,0.10156895127993544,up
26,E1,1,0.414533443435176,1.0652353426919976,up
26,E1,2,0.5763831544178379,0.9529314616019788,up
26,E1,3,1.871180842279115,-0.9083402146985963,up
26,E1,4,1.6663914120561574,0.2510322047894272,up
26,E1,5,0.46573080099092484,0.546655656482237,up
26,E1,6,0.7299752270850469,1.2402972749793544,up
26,E1,7,-0.2543352601156009,2.2510322047894293,up
26,E1,8,1.2188274153592065,0.3418662262592981,up
26,E1,9,1.1990090834021454,0.5350949628406291,up
26,E1,10,0.08257638315441783,1.1841453344343449,up
26,E2,0,0.231616950074591,1.2454562689064652,up
26,E2,1,0.3931718334006464,1.1333569621087858,up
26,E2,2,1.6856109000090707,-0.7245241961408135,up
26,E2,3,1.4811945170250844,0.4327362946233546,up
26,E2,4,0.2827210458205969,0.7278212345760361,up
26,E2,5,0.5464841206386265,1.4201993059734108,up
26,E2,6,-0.43603333305857717,2.4290930671524325,up
26,E2,7,1.0344458090520152,0.5234048515920686,up
26,E2,8,1.0146635784406612,0.7162816000527571,up
26,E2,9,-0.09973541266557615,1.364149652574571,up
27,E1,0,0.44793938904297376,0.1265720518137635,down
27,E1,1,1.7030510311419407,0.010690482777312797,down
27,E1,2,2.3444799977802817,-1.0926326252316527,down
27,E1,3,3.4869743403931173,-0.5589245537539453,down
27,E1,4,1.1872964421910086,0.09719362586085162,down
27,E1,5,1.250949698422293,-0.043169964803013286,down
27,E1,6,2.5533932490009286,-1.396209693411637,down
27,E1,7,3.284589628273128,-1.4843612926180831,down
27,E1,8,2.217173485317713,-1.441909467116146,down
27,E1,9,1.766704287373225,-1.1089539729832685,down
27,E1,10,2.9597948080160674,-1.5561589013774368,down
27,E2,0,0.8462298320711206,0.8824497859730018,down
27,E2,1,1.4932499176819125,-0.2304906157392126,down
27,E2,2,2.6457029963779943,0.307869608165954,down
27,E2,3,0.3259795851168947,0.9697069476457009,down
27,E2,4,0.39018768521567415,0.8281198551201799,down
27,E2,5,1.7039841949292103,-0.5367138623641737,down
27,E2,6,2.441554165294687,-0.6256338491932713,down
27,E2,7,1.3648337174843534,-0.5828119855120124,down
27,E2,8,0.9104379321699,-0.24695423114916037,down
27,E2,9,2.113928218636818,-0.6980572933816281,down
28,E1,0,0.44720821296251106,0.12730744748567346,down
28,E1,1,1.7023290734302932,0.011425027338447882,down
28,E1,2,2.3437627511465853,-1.0919061842040925,down
28,E1,3,3.4862654849924124,-0.5581941928218304,down
28,E1,4,1.186570696437039,0.09792880575819893,down
28,E1,5,1.2502244201798758,-0.042435815828576376,down
28,E1,6,2.5526775367641217,-1.3954854820545572,down
28,E1,7,3.283879286425436,-1.4836377287045661,down
28,E1,8,2.2164553036609114,-1.441185591408386,down
28,E1,9,1.76598279717313,-1.108227651830465,down
28,E1,10,2.9590820806607105,-1.555435864792976,down
28,E2,0,0.8462298320711206,0.8824497859730018,down
28,E2,1,1.4932499176819125,-0.2304906157392126,down
28,E2,2,2.6457029963779943,0.307869608165954,down
28,E2,3,0.3259795851168947,0.9697069476457009,down
28,E2,4,0.39018768521567415,0.8281198551201799,down
28,E2,5,1.7039841949292103,-0.5367138623641737,down
28,E2,6,2.441554165294687,-0.6256338491932713,down
28,E2,7,1.3648337174843534,-0.5828119855120124,down
28,E2,8,0.9104379321699,-0.24695423114916037,down
28,E2,9,2.113928218636818,-0.6980572933816281,down
29,E1,0,0.3155070471521699,0.9042879146723072,up
29,E1,1,0.9076003246161776,2.063631395021435,up
29,E1,2,1.5733947233309595,-0.2699614104241534,up
29,E1,3,1.4309610957452072,-0.2053694165189899,up
29,E1,4,0.05796717401746017,1.116282151079019,up
29,E1,5,-0.03148445651632451,1.8582619785024452,up
29,E1,6,0.011593434803499565,0.7751039268619803,up
29,E1,7,0.34945924907666803,0.3179913546100398,up
29,E1,8,-0.10434091323142076,1.5286771890889248,up
29,E1,9,-1.323307772569935,2.7675185080905487,up
29,E1,10,-2.090130674572286,4.181917554116497,up
29,E2,0,2.531869241448939,0.4871891960116087,up
29,E2,1,3.2083806638899306,-1.8839665110017143,up
29,E2,2,3.0636543396861335,-1.8183348058395303,up
29,E2,3,1.6685598889309543,-0.4754091463671053,up
29,E2,4,1.5776683916025116,0.2785140308805541,up
29,E2,5,1.621439690352979,-0.8220791787622518,up
29,E2,6,1.9647439942782539,-1.2865497076023362,up
29,E2,7,1.5036391939080223,-0.056375951870069864,up
29,E2,8,0.26505111700112444,1.2024064958559437,up
29,E2,9,-0.514115023770468,2.639572552484338,up
30,E1,0,0.19156130794729184,0.6496426965169307,up
30,E1,1,0.5446837572668377,1.2926223910182717,up
30,E1,2,0.5880099278729986,0.20322156147452686,up
30,E1,3,0.927823030666456,-0.25652557759898115,up
30,E1,4,0.4714073926007241,0.9611380407442731,up
30,E1,5,-0.7545849782619702,2.2071194176536237,up
30,E1,6,-1.5258274615628207,3.629670347975293,up
30,E1,7,-0.8745190145420018,2.3936834740892516,up
30,E1,8,-2.0655306248230287,3.0649809271567454,up
30,E1,9,-1.4925124514850225,2.4386587376942654,up
30,E1,10,-2.6152282911065656,4.480868855462843,up
30,E2,0,0.6452737065012638,1.1938705750921195,up
30,E2,1,0.6886432227835851,0.10337985426775458,up
30,E2,2,1.0287962916645754,-0.3568272389241803,up
30,E2,3,0.5719240324812749,0.8620545912327335,up
30,E2,4,-0.6552948826972244,2.109282510463038,up
30,E2,5,-1.42730895569674,3.5332566321511436,up
30,E2,6,-0.7753489070081498,2.296033214946723,up
30,E2,7,-1.9675520650959712,2.968002267687137,up
30,E2,8,-1.3939606156103603,2.3410534740633224,up
30,E2,9,-2.517799676521105,4.3853067213579555,up
31,E1,0,0.16526123988304975,0.4618839781346706,up
31,E1,1,-0.3466248569854778,1.3636171024196062,up
31,E1,2,0.23645069706343178,0.7263019619475347,up
31,E1,3,-0.9059705919742409,2.804356116784622,up
31,E1,4,-3.212848002033991,4.8146107885927325,up
31,E1,5,-3.71625916352389,5.826518072799694,up
31,E1,6,-1.9212678503326475,4.367134200601718,up
31,E1,7,-0.37899911013178356,1.6195601508538604,up
31,E1,8,-0.665282427221504,3.0602991652188756,up
31,E1,9,0.10763167930844372,0.8958006695198895,up
31,E1,10,-0.16865121403449376,1.9619305902792612,up
31,E2,0,0.5335066089841153,0.4924676390622588,up
31,E2,1,1.1217318445307125,-0.1504762230468202,up
31,E2,2,-0.030779227441382673,1.9459311571279554,up
31,E2,3,-2.358030813426577,3.9739402540996047,up
31,E2,4,-2.865888066209537,4.994784630905751,up
31,E2,5,-1.0550435184076812,3.522511584959202,up
31,E2,6,0.5008464287546532,0.750671158153928,up
31,E2,7,0.21203467792958552,2.2041346762196246,up
31,E2,8,0.99177510644484,0.02051948496090882,up
31,E2,9,0.7130521023922425,1.096065388758741,up
32,E1,0,0.12521757664026872,0.5363930233384216,up
32,E1,1,0.8933963269510804,1.3178927924407586,up
32,E1,2,2.7743241803133114,-0.21136016482541553,up
32,E1,3,4.390430180100183,-3.090476359631981,up
32,E1,4,4.090440836915202,-1.5807608965933675,up
32,E1,5,4.900358779439458,-3.8488863628290426,up
32,E1,6,4.6108486377038185,-2.731714681538839,up
32,E1,7,8.326524812617668,-6.944691129977625,up
32,E1,8,8.43309296294981,-7.106319491314695,up
32,E1,9,8.996128023871263,-8.269688465773873,up
32,E1,10,11.317537565272998,-8.00859649746013,up
32,E2,0,0.11808664387182471,2.076209947477876,up
32,E2,1,1.9845606119355617,0.5587084493637349,up
32,E2,2,3.588247735203926,-2.298283337445797,up
32,E2,3,3.2905636434135777,-0.8001691987733026,up
32,E2,4,4.094257816630833,-3.0508653812259965,up
32,E2,5,3.8069723994501077,-1.9422785434805523,up
32,E2,6,7.4940956678064055,-6.122880609115586,up
32,E2,7,7.599844901124468,-6.283266946314635,up
32,E2,8,8.158553350488203,-7.437696076703452,up
32,E2,9,10.462124149599918,-7.178610455074204,up
33,E1,0,1.5672976797586422,1.1222954992479375,up
33,E1,1,2.9984246922809974,-0.42987210637333506,up
33,E1,2,4.618054628467693,-3.3152662448045995,up
33,E1,3,4.317411155314661,-1.8022588310682726,up
33,E1,4,5.129095132566159,-4.075329969116866,up
33,E1,5,4.838953710873194,-2.955722283039186,up
33,E1,6,8.562731957386594,-7.1778851716373495,up
33,E1,7,8.669532480709163,-7.3398659653432325,up
33,E1,8,9.233795245596705,-8.505771678281238,up
33,E1,9,11.560266645306571,-8.24411039614095,up
33,E1,10,11.891348267606523,-10.378340853870197,up
33,E2,0,2.5430186606177716,0.01417710751562623,up
33,E2,1,4.155487426677785,-2.8584593028407372,up
33,E2,2,3.8561732442538394,-1.3521416293040804,up
33,E2,3,4.664268372645281,-3.6151624164879923,up
33,E2,4,4.375409807014134,-2.500505059455243,up
33,E2,5,8.082723422353757,-6.703999716457858,up
33,E2,6,8.189051728721054,-6.865264314448247,up
33,E2,7,8.750819614028247,-8.026014992291213,up
33,E2,8,11.067004554395798,-7.765510641691338,up
33,E2,9,11.39662230413441,-9.890304630597752,up
34,E1,0,0.039231275452899846,2.0664573571995506,down
34,E1,1,-0.9851137747701479,2.369363842639115,down
34,E1,2,-2.3042226629746967,3.8724965633956545,down
34,E1,3,-3.4531502193059302,4.580906892246228,down
34,E1,4,-4.888698966160638,5.854416954685686,down
34,E1,5,-4.636276894960992,5.652479297725977,down
34,E1,6,-4.585792480721074,5.886987544517904,down
34,E1,7,-5.613394589927322,6.722423173714115,down
34,E1,8,-5.124835742444158,6.9813593628801796,down
34,E1,9,-6.917862998002282,8.21741324701259,down
34,E1,10,-7.5953149812173715,8.2043850110797,down
34,E2,0,0.019347973299797577,1.3511334687691456,down
34,E2,1,-1.2866402244364932,2.8393150817451893,down
34,E2,2,-2.424139821353708,3.54067911386281,down
34,E2,3,-3.8454096933346267,4.801522040566246,down
34,E2,4,-3.595498371545573,4.60159298313501,down
34,E2,5,-3.545516107187773,4.833768662732582,down
34,E2,6,-4.562897036535415,5.660894521298896,down
34,E2,7,-4.079197704040494,5.9172551675211915,down
34,E2,8,-5.854390377607933,7.141014478733347,down
34,E2,9,-6.52510399535649,7.128115829866808,down
35,E1,0,0.5998555321755048,0.26224050752174227,down
35,E1,1,0.24575233189913231,0.8416821079739799,down
35,E1,2,-1.1384692691812441,2.0696586162494817,down
35,E1,3,-0.8950723909424847,1.8749411136584813,down
35,E1,4,-0.8463930152947435,2.1010646650544884,down
35,E1,5,-1.83725385509248,2.9066298169027336,down
35,E1,6,-1.3661631230174824,3.1563079049024694,down
35,E1,7,-3.0950818127571207,4.348167457052218,down
35,E1,8,-3.7483119248767314,4.335605037530212,down
35,E1,9,-2.6679438459847202,3.583430168650472,down
35,E1,10,-3.104472221349815,3.9100530762224763,down
35,E2,0,0.6187324979271351,0.4646360351058202,down
35,E2,1,-0.7603135119913664,1.6880211511083936,down
35,E2,2,-0.517826692323328,1.49403169537397,down
35,E2,3,-0.46932932838973107,1.7193097730010494,down
35,E2,4,-1.45648534910279,2.521862924547489,down
35,E2,5,-0.987156020713059,2.770607468594034,down
35,E2,6,-2.709610300214313,3.9580106694200583,down
35,E2,7,-3.360397991270477,3.945495220662992,down
35,E2,8,-2.2840693981633438,3.1961327263340604,down
35,E2,9,-2.7189655981602145,3.521534394017614,down
36,E1,0,0.6848509096043882,0.1765079663928832,down
36,E1,1,0.3310504969679875,0.7554540961615308,down
36,E1,2,-1.0519874797015902,1.9823805825547356,down
36,E1,3,-0.8087987260047182,1.787829579597245,down
36,E1,4,-0.7601609752653546,2.0137597765801445,down
36,E1,5,-1.750174546766762,2.818636103331691,down
36,E1,6,-1.27948663638574,3.0681006958336194,down
36,E1,7,-3.006926957081098,4.25894110909761,down
36,E1,8,-3.659598503212452,4.246389431487443,down
36,E1,9,-2.5801542287386248,3.4948577345790834,down
36,E1,10,-3.016309336094692,3.821201352443265,down
36,E2,0,0.6187324979271351,0.4646360351058202,down
36,E2,1,-0.7603135119913664,1.6880211511083936,down
36,E2,2,-0.517826692323328,1.49403169537397,down
36,E2,3,-0.46932932838973107,1.7193097730010494,down
36,E2,4,-1.45648534910279,2.521862924547489,down
36,E2,5,-0.987156020713059,2.770607468594034,down
36,E2,6,-2.709610300214313,3.9580106694200583,down
36,E2,7,-3.360397991270477,3.945495220662992,down
36,E2,8,-2.2840693981633438,3.1961327263340604,down
36,E2,9,-2.7189655981602145,3.521534394017614,down
37,E1,0,0.6848509096043882,0.1765079663928832,down
37,E1,1,0.3310504969679875,0.7554540961615308,down
37,E1,2,-1.0519874797015902,1.9823805825547356,down
37,E1,3,-0.8087987260047182,1.787829579597245,down
37,E1,4,-0.7601609752653546,2.0137597765801445,down
37,E1,5,-1.750174546766762,2.818636103331691,down
37,E1,6,-1.27948663638574,3.0681006958336194,down
37,E1,7,-3.006926957081098,4.25894110909761,down
37,E1,8,-3.659598503212452,4.246389431487443,down
37,E1,9,-2.5801542287386248,3.4948577345790834,down
37,E1,10,-3.016309336094692,3.821201352443265,down
37,E2,0,0.6187324979271351,0.4646360351058202,down
37,E2,1,-0.7603135119913664,1.6880211511083936,down
37,E2,2,-0.517826692323328,1.49403169537397,down
37,E2,3,-0.46932932838973107,1.7193097730010494,down
37,E2,4,-1.45648534910279,2.521862924547489,down
37,E2,5,-0.987156020713059,2.770607468594034,down
37,E2,6,-2.709610300214313,3.9580106694200583,down
37,E2,7,-3.360397991270477,3.945495220662992,down
37,E2,8,-2.2840693981633438,3.1961327263340604,down
37,E2,9,-2.7189655981602145,3.521534394017614,down
38,E1,0,0.5323415288090404,0.009247008838822485,down
38,E1,1,1.141628633662895,-0.18153986237804065,down
38,E1,2,1.1893253514671018,0.04001908484154912,down
38,E1,3,0.21846635358130562,0.829322834311307,down
38,E1,4,0.6800474936221002,1.0739608385329158,down
38,E1,5,-1.013970676365612,2.241761122836131,down
38,E1,6,-1.6540144711841958,2.229452292435037,down
38,E1,7,-0.5954550566906232,1.492461072169907,down
38,E1,8,-1.0231715270904245,1.8124906625981974,down
38,E1,9,-1.1724314817416164,2.917208191095825,down
38,E1,10,-2.9018221530944617,4.005001077791972,down
38,E2,0,0.8517992716498954,0.11110425282390397,down
38,E2,1,0.899635824949066,0.33331275847171193,down
38,E2,2,-0.07406950188260265,1.1249305598419972,down
38,E2,3,0.38886488488364634,1.3702857848280963,down
38,E2,4,-1.3101197456947078,2.541509783346711,down
38,E2,5,-1.952039997531031,2.529164866366272,down
38,E2,6,-0.8903771372137494,1.790012962162833,down
38,E2,7,-1.319347571137581,2.110980803654105,down
38,E2,8,-1.469045120671561,3.218937102647987,down
38,E2,9,-3.2035059564224424,4.309919140793788,down
39,E1,0,0.052568106620476535,0.2551099291876646,down
39,E1,1,0.7065771978106832,0.5287733077708143,down
39,E1,2,-0.26902501623426966,1.321933269427018,down
39,E1,3,0.19481121865239973,1.5677664739169404,down
39,E1,4,-1.5074832245895011,2.7412721481802187,down
39,E1,5,-2.1506540090912027,2.728903181916568,down
39,E1,6,-1.0869229104177578,1.988311326880858,down
39,E1,7,-1.5167290268715747,2.3099044497356216,down
39,E1,8,-1.6667182040260944,3.4200191718977098,down
39,E1,9,-3.4045579640681503,4.513126565447301,down
39,E1,10,-3.4200191718977098,4.6306317449519225,down
39,E2,0,0.9561851297789874,0.2760599003716903,down
39,E2,1,-0.016964574883177874,1.0672259835597961,down
39,E2,2,0.44570564920343403,1.3124412023256875,down
39,E2,3,-1.2523094955352292,2.4829968692648205,down
39,E2,4,-1.8938634505945449,2.4706589966225048,down
39,E2,5,-0.8328064033558978,1.7319288721642199,down
39,E2,6,-1.261532055335355,2.0527135608642775,down
39,E2,7,-1.4111441834641627,3.1600376305115607,down
39,E2,8,-3.1446152897086703,4.250397125275684,down
39,E2,9,-3.1600376305115607,4.367606915377624,down
40,E1,0,13.347431686583866,0.11940805936048043,down
40,E1,1,-0.6721681151357572,1.4542641574926378,down
40,E1,2,-2.0050330883358143,3.409221939700408,down
40,E1,3,-2.7910816622743013,4.1982423418957655,down
40,E1,4,-3.9396932835492655,5.682670556195491,down
40,E1,5,-5.337938478400153,6.181937703347352,down
40,E1,6,-3.5147218428188123,5.526649572710525,down
40,E1,7,-4.7316855140014775,6.488036013803544,down
40,E1,8,-6.12695888059551,7.2874578148978895,down
40,E1,9,-4.838671331248292,6.262177066282468,down
40,E1,10,-3.84310886520144,5.807487342983461,down
40,E2,0,0.06637559738038312,0.7099828898460089,down
40,E2,1,-1.2567113104017908,2.6505988553896858,down
40,E2,2,-2.0369933329399883,3.4338309044781363,down
40,E2,3,-3.177178594607346,4.9073691663224945,down
40,E2,4,-4.565166086494768,5.40297362676264,down
40,E2,5,-2.7553247979231736,4.752492772434938,down
40,E2,6,-3.9633606702460327,5.706826361437243,down
40,E2,7,-5.348398135583218,6.500383503451522,down
40,E2,8,-4.069561626054622,5.4826243436190865,down
40,E2,9,-3.081302731724583,5.031270281432534,down
41,E1,0,0.2911260467958295,0.29687668475720674,down
41,E1,1,0.547029436078074,0.8144341012831059,down
41,E1,2,-0.5642813499622549,2.250655932142468,down
41,E1,3,-1.9171189303813279,2.7337095208999727,down
41,E1,4,-0.15311073572223569,2.0997016856557384,down
41,E1,5,-1.3305538583186565,3.0298673759120054,down
41,E1,6,-2.680516119757033,3.8033281817201487,down
41,E1,7,-1.4340653416238232,2.811343133378852,down
41,E1,8,-0.4708334830895269,2.3714193293318484,down
41,E1,9,0.046723933436372135,1.5692053337167038,down
41,E1,10,-1.1810372713222754,2.5266865542896064,down
41,E2,0,0.6905165235866748,0.6689827442648322,down
41,E2,1,-0.4191909041316086,2.103132447098679,down
41,E2,2,-1.7700766602543752,2.585489103907662,down
41,E2,3,-0.008613511728723969,1.9523959918458627,down
41,E2,4,-1.184357862700623,2.8812196732607793,down
41,E2,5,-2.5323724482471484,3.653564558270397,down
41,E2,6,-1.2877200034453922,2.6630107094662425,down
41,E2,7,-0.32587786040368394,2.223721611300929,down
41,E2,8,0.1909328433202275,1.422665020528865,down
41,E2,9,-1.0350569927359272,2.3787648224180904,down
42,E1,0,0.08493771234428409,0.8819365798414522,down
42,E1,1,-0.355322763306907,1.1593997734994415,down
42,E1,2,1.381653454133634,0.5351075877689656,down
42,E1,3,0.22225368063419257,1.4510192525481314,down
42,E1,4,-1.1070215175538012,2.212627406568516,down
42,E1,5,0.12032842582106777,1.235843714609289,down
42,E1,6,1.0687995469988611,0.8026613816534643,down
42,E1,7,1.5784258210645497,0.012740656851646635,down
42,E1,8,0.3694790486976237,0.9555492638731597,down
42,E1,9,-0.21800679501699846,0.7771800679501711,down
42,E2,0,0.20412185370798547,0.5954727180584518,down
42,E2,1,1.9314150571541229,-0.025339264598240843,down
42,E2,2,0.7784785179345645,0.8854665240159867,down
42,E2,3,-0.5433864519398633,1.6428289881186946,down
42,E2,4,0.6771214595416492,0.6714905118531422,down
42,E2,5,1.6203051973647151,0.24072301368320803,down
42,E2,6,2.127090489329356,-0.5447941888619862,down
42,E2,7,0.9248831578354707,0.392758601272589,down
42,E2,8,0.3406723351540007,0.21538374908496716,down
43,E1,0,0.7009329168060165,0.13449372718409078,up
43,E1,1,1.9946344830530767,-0.3123954827186306,up
43,E1,2,2.7603236388736656,-1.6487934702939702,up
43,E1,3,1.7783059483230987,-0.4148668939065039,up
43,E1,4,1.3428024507745928,0.538686515758533,up
43,E1,5,0.5486490140684734,1.0510435716979643,up
43,E1,6,1.4965095675564108,-0.16438122211389594,up
43,E1,7,1.3171845979776122,-0.7550150504885272,up
43,E2,0,0.942306608823024,0.7225759197701273,up
43,E2,1,1.7000957800439371,-0.6000338047213915,up
43,E2,2,0.7282100400022479,0.6211617555918758,up
43,E2,3,0.2971998422446354,1.5648768944729299,up
43,E2,4,-0.48875993013691293,2.0719477153642507,up
43,E2,5,0.44932108851202046,0.8690630458054077,up
43,E2,6,0.27184630120006054,0.284523071722348,up
44,E1,0,0.3368449357700124,0.28539871928922,down
44,E1,1,2.0035690118215213,-0.6729676244403942,down
44,E1,2,2.93415662095027,-1.0979822638335213,down
44,E1,3,3.434173843765726,-1.8730089591974783,down
44,E1,4,2.2480218763090742,-0.9479770969888955,down
44,E1,5,1.671613133341248,-1.1229831249743027,down
44,E2,0,0.6463514236629442,0.702678345115049,down
44,E2,1,1.589827357985744,0.27177739600643025,down
44,E2,2,2.0967696510547196,-0.5139831582504827,down
44,E2,3,0.8941898780522184,0.42386008392711166,down
44,E2,4,0.3097980679865846,0.24643028135297265,down
45,E1,0,1.0939322176989479,0.289759678330981,up
45,E1,1,2.045488692217979,-0.706155067932539,up
45,E1,2,1.8651937812564794,-1.2370234168747425,up
45,E2,0,1.1144351968693749,0.21267847268499485,up
45,E2,1,0.9357852798139806,-0.3133462830892309,up
