wick_idx,date,time_et,direction,wick_pct,extreme,wick_close,entry,entry_price,entry_kind,target_dist_dollar,target_dist_pct,touched_target,touched_day,peak_mfe_dollar,peak_mfe_pct,peak_mfe_day,peak_mae_dollar,peak_mae_pct,rsi_1m_at_wick,stochrsi_1m_at_wick,rsi_5m_at_wick,atr_1m_at_wick,wick_atr_ratio,vwap_at_wick,dist_vwap_pct_at_wick
0,2025-11-24,14:32,down,1.9337,593.4252,605.27,E1,604.68,1h_after,11.844799999999964,1.958854270027116,False,,7.3599999999999,1.2171727194549018,1,24.24000000000001,4.0087318912482655,54.05324173465067,34.735278328215536,72.11700205594691,1.1413999999999842,10.377431224811748,601.3490376288122,0.6520277120004357
0,2025-11-24,14:32,down,1.9337,593.4252,605.27,E2,603.51,next_open,11.844799999999964,1.9626518201852436,False,,6.189999999999941,1.0256665175390534,0,25.409999999999968,4.2103693393647115,54.05324173465067,34.735278328215536,72.11700205594691,1.1413999999999842,10.377431224811748,601.3490376288122,0.6520277120004357
1,2025-12-04,15:48,down,1.2173,614.615,622.3199,E1,621.9601,session_close,7.704899999999952,1.2388093705689405,True,6.0,21.68010000000004,3.4857702286690153,9,7.249900000000025,1.1656535523741838,65.90427080301144,18.639854250792595,47.01805377005162,1.0291499999999993,7.486663751639661,621.9544745842384,0.05875436719156502
1,2025-12-04,15:48,down,1.2173,614.615,622.3199,E2,624.38,next_open,7.704899999999952,1.2340081360709747,True,5.0,24.100000000000023,3.85982895031872,8,4.830000000000041,0.7735673788398156,65.90427080301144,18.639854250792595,47.01805377005162,1.0291499999999993,7.486663751639661,621.9544745842384,0.05875436719156502
2,2025-12-16,12:07,up,1.9031,622.0,609.7264,E1,610.77,1h_after,12.273599999999988,2.0095289552532027,True,5.0,14.745000000000005,2.4141657252320847,7,10.490000000000009,1.717504134125777,48.83507853403169,50.56062667728363,35.032164763377196,1.5202500000000245,8.073408978786246,609.8551771852701,-0.021116027228705175
2,2025-12-16,12:07,up,1.9031,622.0,609.7264,E2,613.06,next_open,12.273599999999988,2.00202264052458,True,4.0,12.455000000000041,2.031611914005161,6,12.779999999999973,2.084624669689749,48.83507853403169,50.56062667728363,35.032164763377196,1.5202500000000245,8.073408978786246,609.8551771852701,-0.021116027228705175
3,2025-12-17,13:53,up,1.8655,614.9911,603.57,E1,601.7438,1h_after,11.42109999999991,1.898000444707517,True,2.0,23.77120000000002,3.9503855295227006,6,1.463799999999992,0.24325967297045553,46.31386627348066,76.0260121687224,45.72652335542337,1.3082428571428377,8.73010690457217,606.788780260854,-0.5304614003360756
3,2025-12-17,13:53,up,1.8655,614.9911,603.57,E2,609.8,next_open,11.42109999999991,1.8729255493604313,True,1.0,15.715000000000032,2.5770744506395595,5,2.8799999999999955,0.4722859954083299,46.31386627348066,76.0260121687224,45.72652335542337,1.3082428571428377,8.73010690457217,606.788780260854,-0.5304614003360756
4,2025-12-18,11:10,down,1.9982,596.1,608.2588,E1,612.41,1h_after,12.158799999999928,1.9854019366110822,False,,12.0,1.9594715958263256,0,13.105000000000018,2.1399062719420026,39.149718736477155,8.364115571534441,,1.5452214285714132,7.868645732696686,608.8987160520336,-0.10509400581146186
4,2025-12-18,11:10,down,1.9982,596.1,608.2588,E2,611.95,next_open,12.158799999999928,1.9868943541138864,False,,1.8000000000000682,0.29414167824169757,8,13.56499999999994,2.2166843696380325,39.149718736477155,8.364115571534441,,1.5452214285714132,7.868645732696686,608.8987160520336,-0.10509400581146186
5,2025-12-18,15:42,down,1.4424,600.41,609.2,E1,608.09,session_close,8.790000000000077,1.4455097107336212,False,,0.37000000000000455,0.06084625631074422,0,17.424999999999955,2.8655297735532494,44.03174253279052,55.70448013753806,30.494141056820624,1.5216142857142765,5.776759644362746,610.3632263030838,-0.1905793555305312
5,2025-12-18,15:42,down,1.4424,600.41,609.2,E2,611.95,next_open,8.790000000000077,1.4363918620802478,False,,1.8000000000000682,0.29414167824169757,8,13.56499999999994,2.2166843696380325,44.03174253279052,55.70448013753806,30.494141056820624,1.5216142857142765,5.776759644362746,610.3632263030838,-0.1905793555305312
6,2025-12-19,10:38,up,1.4274,622.82,614.06,E1,616.2188,1h_after,8.760000000000105,1.4215729867378446,True,3.0,9.296199999999999,1.5085875341680584,4,7.108799999999974,1.153616215539022,,,,,,613.5689888601712,0.08002541665948525
6,2025-12-19,10:38,up,1.4274,622.82,614.06,E2,621.35,next_open,8.760000000000105,1.409833427214952,True,2.0,4.164999999999964,0.6703146374828942,3,11.200000000000045,1.8025267562565455,,,,,,613.5689888601712,0.08002541665948525
7,2025-12-19,14:03,down,1.2755,609.11,617.04,E1,616.9,1h_after,7.92999999999995,1.2854595558437267,False,,6.75,1.0941805803209597,8,8.615000000000009,1.3964986221429745,53.15975733063412,12.802055679437137,67.48553335517116,0.7966928571428541,9.953647668486665,615.7128566709687,0.21554582053181004
7,2025-12-19,14:03,down,1.2755,609.11,617.04,E2,621.35,next_open,7.92999999999995,1.2762533193852015,False,,11.200000000000045,1.8025267562565455,7,4.164999999999964,0.6703146374828942,53.15975733063412,12.802055679437137,67.48553335517116,0.7966928571428541,9.953647668486665,615.7128566709687,0.21554582053181004
8,2026-01-02,12:11,up,1.139,619.44,611.38,E1,612.3332,1h_after,8.06000000000006,1.3162768244478755,True,1.0,17.666799999999967,2.8851612161483264,9,2.183200000000056,0.35653791105889016,27.384648324589804,84.4838222686565,17.289891658777748,1.4153857142857273,5.69456079614844,617.3730225154654,-0.9707295746495488
8,2026-01-02,12:11,up,1.139,619.44,611.38,E2,619.32,next_open,8.06000000000006,1.3014273719563487,True,0.0,10.67999999999995,1.724472001550079,8,4.760000000000105,0.7685848995672842,27.384648324589804,84.4838222686565,17.289891658777748,1.4153857142857273,5.69456079614844,617.3730225154654,-0.9707295746495488
9,2026-01-07,12:55,down,1.0375,620.425,627.0545,E1,627.35,1h_after,6.629500000000007,1.056746632661195,True,0.0,25.31000000000006,4.034430541165228,0,2.6499999999999773,0.42241173188809716,81.52042311858429,52.78458624234827,75.19754321797183,0.8217999999999961,8.067047943538622,624.9760913669772,0.33255810289906046
9,2026-01-07,12:55,down,1.0375,620.425,627.0545,E2,623.03,next_open,6.629500000000007,1.0640739611254688,True,0.0,15.980000000000018,2.5648845159944176,7,6.970000000000027,1.1187262250613978,81.52042311858429,52.78458624234827,75.19754321797183,0.8217999999999961,8.067047943538622,624.9760913669772,0.33255810289906046
10,2026-01-13,10:59,down,1.108,620.23,627.18,E1,625.9264,1h_after,6.949999999999932,1.1103541886074677,True,1.0,18.87639999999999,3.015753928896431,4,10.673600000000079,1.7052484125929308,41.21708255252049,33.94975880132053,,1.104299999999999,6.29357964321284,627.877792529198,-0.1111350867160378
10,2026-01-13,10:59,down,1.108,620.23,627.18,E2,622.24,next_open,6.949999999999932,1.1169323733607501,True,0.0,15.190000000000055,2.441180251992809,3,14.360000000000014,2.307791205965546,41.21708255252049,33.94975880132053,,1.104299999999999,6.29357964321284,627.877792529198,-0.1111350867160378
11,2026-01-15,13:04,down,1.2325,619.03,626.8,E1,625.53,1h_after,7.769999999999982,1.2421466596326285,True,0.0,18.480000000000018,2.954294758045181,2,11.07000000000005,1.76969929499785,55.02659574467757,52.73208490857045,73.80726323285046,0.8825285714285981,8.804247535490267,625.7579661107887,0.16652347163675132
11,2026-01-15,13:04,down,1.2325,619.03,626.8,E2,625.5,next_open,7.769999999999982,1.2422062350119876,True,0.0,18.450000000000045,2.9496402877697916,1,11.100000000000023,1.7745803357314187,55.02659574467757,52.73208490857045,73.80726323285046,0.8825285714285981,8.804247535490267,625.7579661107887,0.16652347163675132
12,2026-01-15,15:01,down,1.4775,616.14,625.39,E1,622.62,session_close,9.25,1.4856573833156659,True,2.0,15.57000000000005,2.50072275224054,2,13.980000000000018,2.2453502939192473,23.674133639668923,13.61822529429518,50.891410048621516,0.8618428571428386,10.732815064065607,625.7582542441174,-0.05884928270938805
12,2026-01-15,15:01,down,1.4775,616.14,625.39,E2,625.5,next_open,9.25,1.4788169464428458,True,1.0,18.450000000000045,2.9496402877697916,1,11.100000000000023,1.7745803357314187,23.674133639668923,13.61822529429518,50.891410048621516,0.8618428571428386,10.732815064065607,625.7582542441174,-0.05884928270938805
13,2026-01-20,10:37,up,1.743,622.36,611.57,E1,613.5888,1h_after,10.789999999999964,1.7585066741765762,True,0.0,23.01120000000003,3.750264020464525,6,6.5388000000000375,1.0656648230867378,,,,,,611.9298670191359,-0.058808539757814596
13,2026-01-20,10:37,up,1.743,622.36,611.57,E2,609.47,next_open,10.789999999999964,1.7703906673010916,True,1.0,27.129999999999995,4.451408600915548,5,1.6064999999999827,0.2635896762761059,,,,,,611.9298670191359,-0.058808539757814596
14,2026-01-20,12:03,up,1.7297,624.72,613.85,E1,614.1988,1h_after,10.870000000000005,1.7697852877602505,True,3.0,22.401200000000017,3.6472230163914383,6,7.148800000000051,1.1639228210800885,58.25484464653022,96.96021460772356,57.1691909127145,1.482028571428592,7.334541458618397,612.5778091862962,0.20767824015591957
14,2026-01-20,12:03,up,1.7297,624.72,613.85,E2,609.47,next_open,10.870000000000005,1.7835168260948042,True,2.0,27.129999999999995,4.451408600915548,5,1.6064999999999827,0.2635896762761059,58.25484464653022,96.96021460772356,57.1691909127145,1.482028571428592,7.334541458618397,612.5778091862962,0.20767824015591957
15,2026-01-20,12:37,up,1.7545,625.4215,614.64,E1,611.8687,1h_after,10.781500000000051,1.7620610434885868,True,4.0,24.731300000000033,4.041929257044859,6,4.818700000000035,0.7875382414560567,88.64453358597598,67.01998681491973,84.54681220340613,1.4635714285714454,7.366569058077061,612.8792069105301,0.2872985524090258
15,2026-01-20,12:37,up,1.7545,625.4215,614.64,E2,609.47,next_open,10.781500000000051,1.7689960129292748,True,3.0,27.129999999999995,4.451408600915548,5,1.6064999999999827,0.2635896762761059,88.64453358597598,67.01998681491973,84.54681220340613,1.4635714285714454,7.366569058077061,612.8792069105301,0.2872985524090258
16,2026-01-20,15:47,up,1.5827,618.18,608.39,E1,608.785,session_close,9.789999999999964,1.6081210936537471,True,1.0,27.815000000000055,4.5689364882511985,6,1.7350000000000136,0.2849938812552894,58.51808876548911,90.50604081287844,33.02405662633285,1.121707142857133,8.727768261387343,612.268622765809,-0.6334838372556294
16,2026-01-20,15:47,up,1.5827,618.18,608.39,E2,609.47,next_open,9.789999999999964,1.6063136823797663,True,0.0,27.129999999999995,4.451408600915548,5,1.6064999999999827,0.2635896762761059,58.51808876548911,90.50604081287844,33.02405662633285,1.121707142857133,8.727768261387343,612.268622765809,-0.6334838372556294
17,2026-01-21,15:15,up,1.0462,617.17,610.55,E1,620.0999,session_close,6.6200000000000045,1.067569918975959,True,0.0,16.500099999999975,2.660877706963019,5,19.62990000000002,3.1656028327048626,19.07634593936956,15.848665317755026,58.97916916796701,0.9419785714285679,7.027760716425185,611.9739475317164,-0.23268107040497993
17,2026-01-21,15:15,up,1.0462,617.17,610.55,E2,622.35,next_open,6.6200000000000045,1.063710130955251,True,0.0,14.25,2.2897083634610746,4,21.879999999999995,3.515706595966899,19.07634593936956,15.848665317755026,58.97916916796701,0.9419785714285679,7.027760716425185,611.9739475317164,-0.23268107040497993
18,2026-01-27,11:05,down,1.8904,617.99,629.905,E1,631.3788,1h_after,11.914999999999964,1.8871397012379836,True,0.0,36.618799999999965,5.79981462792225,7,5.221200000000067,0.8269520611081759,61.91658391261323,50.78393163848737,,1.3077714285714381,9.110919339333996,628.9615938824172,0.14999423283691327
18,2026-01-27,11:05,down,1.8904,617.99,629.905,E2,635.46,next_open,11.914999999999964,1.8750196707896583,True,4.0,40.700000000000045,6.404809114657106,6,1.1399999999999864,0.179397601737322,61.91658391261323,50.78393163848737,,1.3077714285714381,9.110919339333996,628.9615938824172,0.14999423283691327
19,2026-01-29,12:50,down,1.4884,613.44,622.7858,E1,624.83,1h_after,9.34579999999994,1.4957348398764367,True,0.0,30.07000000000005,4.812509002448674,5,5.7299999999999045,0.9170494374469703,68.86391667808701,78.11892146532848,66.51254953764976,1.215064285714277,7.691609497439883,623.7380769813284,-0.15267257467061807
19,2026-01-29,12:50,down,1.4884,613.44,622.7858,E2,625.71,next_open,9.34579999999994,1.4936312349171244,True,2.0,30.950000000000045,4.946380911284788,4,4.269999999999982,0.6824247654664272,68.86391667808701,78.11892146532848,66.51254953764976,1.215064285714277,7.691609497439883,623.7380769813284,-0.15267257467061807
20,2026-02-04,13:22,up,1.5481,614.96,604.8955,E1,602.47,1h_after,10.064500000000066,1.6705396119308955,True,0.0,19.00999999999999,3.155343834547777,0,9.129999999999995,1.5154281540989585,31.026685947154135,24.793700990373875,35.733201597032675,1.3925785714285683,7.2272403198589075,609.5125536449615,-0.7574993521217825
20,2026-02-04,13:22,up,1.5481,614.96,604.8955,E2,600.21,next_open,10.064500000000066,1.6768297762449917,True,2.0,17.309999999999945,2.8839906032888396,4,6.8700000000000045,1.144599390213426,31.026685947154135,24.793700990373875,35.733201597032675,1.3925785714285683,7.2272403198589075,609.5125536449615,-0.7574993521217825
21,2026-02-06,15:13,up,1.135,614.87,607.97,E1,607.71,session_close,6.899999999999977,1.1354099817347052,True,1.0,9.809999999999945,1.6142568001184683,3,14.370000000000005,2.3646147010909813,45.95272786142095,92.19233694846213,34.81239595338708,0.709164285714272,9.729762396382215,604.7440478160853,0.5334409153036931
21,2026-02-06,15:13,up,1.135,614.87,607.97,E2,607.54,next_open,6.899999999999977,1.1357276887118506,True,0.0,9.980000000000018,1.6426901932383084,2,14.199999999999932,2.3372946637258343,45.95272786142095,92.19233694846213,34.81239595338708,0.709164285714272,9.729762396382215,604.7440478160853,0.5334409153036931
22,2026-02-06,15:49,down,1.3706,600.07,608.41,E1,607.71,session_close,8.339999999999918,1.3723651083575912,True,4.0,14.370000000000005,2.3646147010909813,6,9.809999999999945,1.6142568001184683,51.69445574081447,84.99166361432903,50.049223998146026,0.870121428571427,9.58486910693902,604.8984134582299,0.5805250044704455
22,2026-02-06,15:49,down,1.3706,600.07,608.41,E2,607.54,next_open,8.339999999999918,1.3727491193995323,True,3.0,14.199999999999932,2.3372946637258343,5,9.980000000000018,1.6426901932383084,51.69445574081447,84.99166361432903,50.049223998146026,0.870121428571427,9.58486910693902,604.8984134582299,0.5805250044704455
23,2026-02-13,11:54,up,1.4771,611.08,602.1876,E1,604.2988,1h_after,8.892400000000066,1.4715236899361817,True,7.0,12.531200000000013,2.073676135051073,7,10.958799999999997,1.813473731869068,49.078371568757014,87.3424192806612,57.07035675475719,2.024850000000007,4.391633948193711,600.886194443125,0.21658103795862654
23,2026-02-13,11:54,up,1.4771,611.08,602.1876,E2,598.375,next_open,8.892400000000066,1.4860914978065705,True,6.0,18.45500000000004,3.0841863379987533,6,5.034999999999968,0.8414455817839931,49.078371568757014,87.3424192806612,57.07035675475719,2.024850000000007,4.391633948193711,600.886194443125,0.21658103795862654
24,2026-02-13,14:06,down,1.3101,596.5105,604.59,E1,605.155,1h_after,8.079500000000053,1.335112491840942,True,1.0,11.81499999999994,1.9523923622873383,1,11.675000000000068,1.9292577934578856,28.363561133714455,3.1141532570688457,54.26007556675082,1.1209857142857313,7.207495953816094,602.0969117281238,0.4140676066118022
24,2026-02-13,14:06,down,1.3101,596.5105,604.59,E2,598.375,next_open,8.079500000000053,1.3502402339670028,True,0.0,5.034999999999968,0.8414455817839931,0,18.45500000000004,3.0841863379987533,28.363561133714455,3.1141532570688457,54.26007556675082,1.1209857142857313,7.207495953816094,602.0969117281238,0.4140676066118022
25,2026-02-19,14:38,up,1.693,611.54,601.3594,E1,601.5834,1h_after,10.180599999999913,1.692300685158519,True,4.0,15.246600000000058,2.534411687556548,4,9.713399999999979,1.614638967764067,47.46215943491484,52.935354157683626,32.05043821664847,1.157257142857166,8.797180525379957,603.5186204701066,-0.35777197204365485
25,2026-02-19,14:38,up,1.693,611.54,601.3594,E2,600.12,next_open,10.180599999999913,1.696427381190414,True,3.0,16.710000000000036,2.7844431113777306,3,8.25,1.3747250549890022,47.46215943491484,52.935354157683626,32.05043821664847,1.157257142857166,8.797180525379957,603.5186204701066,-0.35777197204365485
26,2026-02-20,12:32,up,1.1133,614.47,607.71,E1,605.5,1h_after,6.759999999999991,1.1164327002477277,True,3.0,11.330000000000041,1.871180842279115,3,13.629999999999995,2.2510322047894293,48.96193771626295,74.58152855170201,52.651754810376005,1.2339071428571384,5.478532188692146,606.3105852585592,0.23080823186421667
26,2026-02-20,12:32,up,1.1133,614.47,607.71,E2,606.605,next_open,6.759999999999991,1.1143989911062373,True,2.0,10.225000000000023,1.6856109000090707,2,14.735000000000014,2.4290930671524325,48.96193771626295,74.58152855170201,52.651754810376005,1.2339071428571384,5.478532188692146,606.3105852585592,0.23080823186421667
27,2026-03-04,13:42,down,1.2411,603.7801,611.37,E1,612.6945,1h_after,7.589900000000057,1.2387739729996037,True,1.0,21.364499999999907,3.4869743403931173,3,0.7755000000000791,0.1265720518137635,54.56598093326614,88.86262553550455,59.74648435599297,1.055228571428594,7.192659681043953,608.7847127812609,0.4246636231925323
27,2026-03-04,13:42,down,1.2411,603.7801,611.37,E2,607.4,next_open,7.589900000000057,1.2495719459993508,True,0.0,16.069999999999936,2.6457029963779943,2,5.889999999999986,0.9697069476457009,54.56598093326614,88.86262553550455,59.74648435599297,1.055228571428594,7.192659681043953,608.7847127812609,0.4246636231925323
28,2026-03-04,14:04,down,1.9226,599.9,611.6606,E1,612.69,1h_after,11.760600000000068,1.9195025216667592,True,2.0,21.360000000000014,3.4862654849924124,3,0.7799999999999727,0.12730744748567346,53.53653954537048,37.37237651246503,52.390096903806466,1.1748142857142787,10.010603499641398,608.8947206047463,0.45424591504204037
28,2026-03-04,14:04,down,1.9226,599.9,611.6606,E2,607.4,next_open,11.760600000000068,1.936219953901888,True,1.0,16.069999999999936,2.6457029963779943,2,5.889999999999986,0.9697069476457009,53.53653954537048,37.37237651246503,52.390096903806466,1.1748142857142787,10.010603499641398,608.8947206047463,0.45424591504204037
29,2026-03-06,13:39,up,1.366,610.75,602.444,E1,603.79,1h_after,8.30600000000004,1.3756438496828436,True,2.0,9.5,1.5733947233309595,2,25.25,4.181917554116497,37.3421798505524,26.07764610488014,40.63080400098472,1.3313500000000107,6.2387801855259495,602.7971713813768,-0.058588758896705666
29,2026-03-06,13:39,up,1.366,610.75,602.444,E2,594.225,next_open,8.30600000000004,1.3977870335310765,True,1.0,19.06499999999994,3.2083806638899306,1,15.68500000000006,2.639572552484338,37.3421798505524,26.07764610488014,40.63080400098472,1.3313500000000107,6.2387801855259495,602.7971713813768,-0.058588758896705666
30,2026-03-12,11:50,up,1.4861,608.8902,599.975,E1,600.33,1h_after,8.915200000000027,1.485049889227596,False,,5.569999999999936,0.927823030666456,3,26.90000000000009,4.480868855462843,62.5902578796561,38.04809887995204,52.95181098435315,1.6835000000000053,5.295634095634095,600.1553280594029,-0.030046898023211963
30,2026-03-12,11:50,up,1.4861,608.8902,599.975,E2,599.73,next_open,8.915200000000027,1.4865356076901317,False,,6.169999999999959,1.0287962916645754,2,26.300000000000068,4.3853067213579555,62.5902578796561,38.04809887995204,52.95181098435315,1.6835000000000053,5.295634095634095,600.1553280594029,-0.030046898023211963
31,2026-03-23,14:36,up,1.6444,600.93,591.21,E1,589.975,1h_after,9.719999999999914,1.6475274376032734,False,,1.3949999999999818,0.23645069706343178,2,34.375,5.826518072799694,87.19325153374413,83.82278588781439,74.90064275550776,1.2066571428571413,8.055312196623433,590.8414933009125,0.062369807006747005
31,2026-03-23,14:36,up,1.6444,600.93,591.21,E2,584.81,next_open,9.719999999999914,1.6620782818351114,False,,6.560000000000059,1.1217318445307125,1,29.209999999999923,4.994784630905751,87.19325153374413,83.82278588781439,74.90064275550776,1.2066571428571413,8.055312196623433,590.8414933009125,0.062369807006747005
32,2026-03-27,14:02,up,1.3723,571.48,563.58,E1,563.02,1h_after,7.899999999999977,1.4031473127064717,True,2.0,63.72000000000003,11.317537565272998,10,7.419999999999959,1.3178927924407586,36.50385604112938,87.49028574092516,22.053412897440182,0.7962785714285668,9.921151068811195,567.3520661340818,-0.6648545690129465
32,2026-03-27,14:02,up,1.3723,571.48,563.58,E2,567.38,next_open,7.899999999999977,1.3923649053544322,True,1.0,59.360000000000014,10.462124149599918,9,11.779999999999973,2.076209947477876,36.50385604112938,87.49028574092516,22.053412897440182,0.7962785714285668,9.921151068811195,567.3520661340818,-0.6648545690129465
33,2026-03-30,11:55,up,1.601,573.79,564.56,E1,561.795,1h_after,9.230000000000018,1.6429480504454506,True,1.0,66.80500000000006,11.891348267606523,10,6.30499999999995,1.1222954992479375,53.36477987421368,41.35592052802554,62.15058198148589,1.109785714285733,8.31692089850023,564.0395731537756,0.09226778953016766
33,2026-03-30,11:55,up,1.601,573.79,564.56,E2,564.29,next_open,9.230000000000018,1.6356837796168668,True,0.0,64.31000000000006,11.39662230413441,9,0.07999999999992724,0.01417710751562623,53.36477987421368,41.35592052802554,62.15058198148589,1.109785714285733,8.31692089850023,564.0395731537756,0.09226778953016766
34,2026-04-13,12:59,down,1.2806,606.28,614.145,E1,614.0509,1h_after,7.865000000000009,1.2808384451516983,False,,0.24090000000001055,0.039231275452899846,0,50.459100000000035,8.21741324701259,66.31798398010199,79.84047474006668,75.91107696739869,0.9122000000000006,8.622012716509541,611.3957301203742,0.44967109585219006
34,2026-04-13,12:59,down,1.2806,606.28,614.145,E2,620.22,next_open,7.865000000000009,1.2680984166908529,False,,0.12000000000000455,0.019347973299797577,0,44.289999999999964,7.141014478733347,66.31798398010199,79.84047474006668,75.91107696739869,0.9122000000000006,8.622012716509541,611.3957301203742,0.44967109585219006
35,2026-04-15,14:46,down,1.1621,627.72,635.1012,E1,636.82,1h_after,7.381199999999922,1.1590716371973118,False,,3.82000000000005,0.5998555321755048,0,27.68999999999994,4.348167457052218,60.481356777651314,11.133194310505411,74.17139119057889,0.8243857142857272,8.953575822690253,631.9827274167725,0.4934426920137842
35,2026-04-15,14:46,down,1.1621,627.72,635.1012,E2,639.21,next_open,7.381199999999922,1.154737879570082,False,,3.955000000000041,0.6187324979271351,0,25.299999999999955,3.9580106694200583,60.481356777651314,11.133194310505411,74.17139119057889,0.8243857142857272,8.953575822690253,631.9827274167725,0.4934426920137842
36,2026-04-15,14:59,down,1.0049,629.42,635.81,E1,637.365,1h_after,6.389999999999986,1.0025652491115744,False,,4.365000000000009,0.6848509096043882,0,27.144999999999982,4.25894110909761,72.02319776830846,83.38102734507073,85.6950067476366,1.227635714285725,5.205127160802648,632.0614441846304,0.5930682609829511
36,2026-04-15,14:59,down,1.0049,629.42,635.81,E2,639.21,next_open,6.389999999999986,0.999671469470125,False,,3.955000000000041,0.6187324979271351,0,25.299999999999955,3.9580106694200583,72.02319776830846,83.38102734507073,85.6950067476366,1.227635714285725,5.205127160802648,632.0614441846304,0.5930682609829511
37,2026-04-15,15:06,down,1.8856,624.09,636.16,E1,637.365,session_close,12.069999999999936,1.8937343594329679,False,,4.365000000000009,0.6848509096043882,0,27.144999999999982,4.25894110909761,69.95664739884495,14.896790305248393,95.32491818606607,1.5532785714285882,7.770660216408485,632.1115055796743,0.6404715599367332
37,2026-04-15,15:06,down,1.8856,624.09,636.16,E2,639.21,next_open,12.069999999999936,1.8882683312213413,False,,3.955000000000041,0.6187324979271351,0,25.299999999999955,3.9580106694200583,69.95664739884495,14.896790305248393,95.32491818606607,1.5532785714285882,7.770660216408485,632.1115055796743,0.6404715599367332
38,2026-04-17,11:45,down,1.7513,637.11,648.8701,E1,649.9399,1h_after,11.760099999999966,1.8094134549979108,False,,7.72989999999993,1.1893253514671018,2,26.03010000000006,4.005001077791972,36.86486486486481,4.642885430521585,55.76867816092004,1.3072785714285666,8.99586381741787,647.4467503329394,0.21984042183062694
38,2026-04-17,11:45,down,1.7513,637.11,648.8701,E2,648.04,next_open,11.760099999999966,1.8147182272699163,False,,5.829999999999927,0.899635824949066,1,27.930000000000064,4.309919140793788,36.86486486486481,4.642885430521585,55.76867816092004,1.3072785714285666,8.99586381741787,647.4467503329394,0.21984042183062694
39,2026-04-20,15:21,down,1.4091,637.36,646.55,E1,646.78,session_close,9.18999999999994,1.4208849995361548,False,,4.569999999999936,0.7065771978106832,1,29.950000000000045,4.6306317449519225,52.18579234972433,71.98196298447789,55.60073016926618,0.7963071428571554,11.540773032659432,645.765768288359,0.12144213121107068
39,2026-04-20,15:21,down,1.4091,637.36,646.55,E2,648.41,next_open,9.18999999999994,1.417313119785312,False,,6.199999999999932,0.9561851297789874,0,28.32000000000005,4.367606915377624,52.18579234972433,71.98196298447789,55.60073016926618,0.7963071428571554,11.540773032659432,645.765768288359,0.12144213121107068
40,2026-05-04,10:27,down,1.1536,667.895,675.69,E1,672.9864,1h_after,7.795000000000073,1.1582700631097558,True,0.0,89.82640000000004,13.347431686583866,0,49.04359999999997,7.2874578148978895,49.78316845101011,37.780568036902515,,0.9316214285714425,8.367132572243431,674.9193417438407,0.11418523792311441
40,2026-05-04,10:27,down,1.1536,667.895,675.69,E2,677.96,next_open,7.795000000000073,1.1497728479556424,False,,0.4500000000000455,0.06637559738038312,0,44.069999999999936,6.500383503451522,49.78316845101011,37.780568036902515,,0.9316214285714425,8.367132572243431,674.9193417438407,0.11418523792311441
41,2026-05-06,15:50,down,1.8554,681.61,694.98,E1,695.575,session_close,13.370000000000005,1.9221507385975636,False,,3.8050000000000637,0.547029436078074,1,26.454999999999927,3.8033281817201487,61.307043398720594,70.02619569009234,63.813665955467904,1.201921428571414,11.123855255573062,691.2234022109533,0.5434708629700398
41,2026-05-06,15:50,down,1.8554,681.61,694.98,E2,696.58,next_open,13.370000000000005,1.919377530219071,False,,4.810000000000059,0.6905165235866748,0,25.449999999999932,3.653564558270397,61.307043398720594,70.02619569009234,63.813665955467904,1.201921428571414,11.123855255573062,691.2234022109533,0.5434708629700398
42,2026-05-08,10:13,down,1.3747,695.405,705.44,E1,706.4,1h_after,10.035000000000082,1.420583238958109,True,7.0,11.149999999999977,1.5784258210645497,7,15.629999999999995,2.212627406568516,52.773710753212306,28.794784271858493,,1.2656357142857115,7.928821766588301,703.2076190729215,0.3174568742616356
42,2026-05-08,10:13,down,1.3747,695.405,705.44,E2,710.36,next_open,10.035000000000082,1.4126640013514389,True,6.0,15.110000000000014,2.127090489329356,6,11.669999999999959,1.6428289881186946,52.773710753212306,28.794784271858493,,1.2656357142857115,7.928821766588301,703.2076190729215,0.3174568742616356
43,2026-05-12,13:34,up,1.3311,710.38,701.05,E1,702.635,1h_after,9.330000000000041,1.3278587033096902,True,1.0,19.394999999999982,2.7603236388736656,2,7.384999999999991,1.0510435716979643,61.61059018201824,8.336454361020342,61.485317286086726,1.3242071428571276,7.045725474542831,702.7472369172422,-0.24151456285869108
43,2026-05-12,13:34,up,1.3311,710.38,701.05,E2,709.96,next_open,9.330000000000041,1.3141585441433377,True,0.0,12.069999999999936,1.7000957800439371,1,14.710000000000036,2.0719477153642507,61.61059018201824,8.336454361020342,61.485317286086726,1.3242071428571276,7.045725474542831,702.7472369172422,-0.24151456285869108
44,2026-05-14,09:48,down,1.6134,707.11,718.71,E1,719.9752,1h_after,11.600000000000023,1.6111666068497947,True,1.0,24.725199999999973,3.434173843765726,3,2.0548,0.28539871928922,77.53495648772868,,,2.1657357142857045,5.35614753152182,716.528767438479,0.3044166069310411
44,2026-05-14,09:48,down,1.6134,707.11,718.71,E2,710.14,next_open,11.600000000000023,1.6334807221111363,True,0.0,14.889999999999986,2.0967696510547196,2,4.990000000000009,0.702678345115049,77.53495648772868,,,2.1657357142857045,5.35614753152182,716.528767438479,0.3044166069310411
45,2026-05-19,10:04,up,1.0813,708.93,701.35,E1,698.855,1h_after,7.579999999999927,1.0846312897525132,True,1.0,14.294999999999959,2.045488692217979,1,2.0249999999999773,0.289759678330981,75.34864326895509,36.97036501453713,,1.710649999999987,4.431064215356727,702.278428326232,-0.13220231304052693
45,2026-05-19,10:04,up,1.0813,708.93,701.35,E2,705.29,next_open,7.579999999999927,1.0747352153014968,True,0.0,7.860000000000014,1.1144351968693749,0,1.5,0.21267847268499485,75.34864326895509,36.97036501453713,,1.710649999999987,4.431064215356727,702.278428326232,-0.13220231304052693
